{
  "code": "000000",
  "info": "操作成功",
  "data": {
    "header": {
      "title": "音乐首页",
      "img": "",
      "nextPageUrl": "",
      "displayLogId": ""
    },
    "contents": [
      {
        "header": {
          "title": "顶部banner",
          "img": "",
          "nextPageUrl": "",
          "displayLogId": ""
        },
        "template": "banner",
        "contents": [
          {
            "actionUrl": "mgmusic://vrbt-fullscreen-play?contentId=600926000000179293",
            "compositImage": {
              "custom": {
                "url": "https://d.musicapp.migu.cn/prod/file-service/file-down/bcb5ddaf77828caee4eddc172edaa105/8349566f2335a6bd179ed546b1332d01/778641bd0d0194c6ea91a5dbb79c3464"
              },
              "small": {}
            },
            "displayLogId": "27516354",
            "styleCode": "banner",
            "texts": [
              "你见过粉色的沙滩吗",
              "",
              "2144",
              "25419940",
              "",
              ""
            ]
          },
          {
            "actionUrl": "mgmusic://concert-info?id=26212265&type=1",
            "compositImage": {
              "custom": {
                "url": "https://d.musicapp.migu.cn/prod/file-service/file-down/bcb5ddaf77828caee4eddc172edaa105/49e4e08e5d6e4483eff9c3b738556f3d/d7b740d6a6dcae82820423de9dd2d5f0"
              },
              "small": {
                "url": ""
              }
            },
            "displayLogId": "27516344",
            "styleCode": "banner",
            "texts": [
              "VR测试",
              "正在直播",
              "1001",
              "",
              "2.0 正在直播",
              "http://218.200.229.178/data2/nfs-data/stable/file-service/file-down/daee919bed570024b41928d091b57eae/1fc44367069f21172a5d356f81cac694/a6b79a003036f2a520311dd56d54cf7e"
            ]
          },
          {
            "actionUrl": "mgmusic://song-player?id=600913000004583246",
            "compositImage": {
              "custom": {
                "url": "http://218.200.229.178/data2/nfs-data/stable/file-service/file-down/daee919bed570024b41928d091b57eae/25d765941dde84725db4adbd73e33fe1/1b9f61908b54ab54aa405902d7a46801"
              },
              "small": {
                "url": ""
              }
            },
            "displayLogId": "27516325",
            "styleCode": "banner",
            "texts": [
              "【首发】尤长靖第一支情歌《一个人记得》深情开嗓",
              "新歌",
              "1302",
              "1115672528",
              "2.0 新歌",
              "http://218.200.229.178/data2/nfs-data/stable/file-service/file-down/daee919bed570024b41928d091b57eae/5235b49d6c466d36e0484d2f48de1945/46b2ae030ff7def468c58b6f0b90c621"
            ]
          },
          {
            "actionUrl": "mgmusic://browser?url=https%3A%2F%2Fh5.nf.migu.cn%2Fapp%2Fv3%2Fzt%2F2019%2Freal-me-crbt%2Findex.html%3Fcfrom%3Dapp",
            "compositImage": {
              "custom": {
                "url": "http://218.200.229.178/data2/nfs-data/stable/file-service/file-down/daee919bed570024b41928d091b57eae/25d765941dde84725db4adbd73e33fe1/ecda7282f841c1d71e47e34e07e5f4f8"
              },
              "small": {
                "url": ""
              }
            },
            "displayLogId": "27516317",
            "styleCode": "banner",
            "texts": [
              "6.23-6.24来电之夜视频彩铃活动",
              "",
              "1001",
              "",
              "",
              ""
            ]
          }
        ]
      },
      {
        "header": {
          "title": "导航栏",
          "img": "",
          "nextPageUrl": "",
          "displayLogId": ""
        },
        "template": "nav",
        "contents": [
          {
            "compositImage": {
              "custom": {
                "url": "http://218.200.229.178/data2/nfs-data/stable/file-service/file-down/daee919bed570024b41928d091b57eae/7b7ff4039168a8197dc21433bde98957/00e7983ec0f8cdf48bc7113504306e18"
              }
            },
            "styleCode": "menu_icon",
            "texts": [
              "歌单",
              "mgmusic://song-lists",
              "",
              "songLists"
            ]
          },
          {
            "compositImage": {
              "custom": {
                "url": "http://218.200.229.178/data2/nfs-data/stable/file-service/file-down/daee919bed570024b41928d091b57eae/7b7ff4039168a8197dc21433bde98957/50f2d9ea7ab75dc3c0334311239f6743"
              }
            },
            "styleCode": "menu_icon",
            "texts": [
              "电台",
              "mgmusic://scene-radio",
              "",
              "sceneRadio"
            ]
          },
          {
            "compositImage": {
              "custom": {
                "url": "http://218.200.229.178/data2/nfs-data/stable/file-service/file-down/daee919bed570024b41928d091b57eae/7b7ff4039168a8197dc21433bde98957/38efd4bacaa88087f60dbcc58f9359dd"
              }
            },
            "styleCode": "menu_icon",
            "texts": [
              "排行榜",
              "mgmusic://rank",
              "",
              "rank"
            ]
          },
          {
            "compositImage": {
              "custom": {
                "url": "http://218.200.229.178/data2/nfs-data/stable/file-service/file-down/daee919bed570024b41928d091b57eae/7b7ff4039168a8197dc21433bde98957/6cdd2a09c25524ee3022e8dca4ca2df6"
              }
            },
            "styleCode": "menu_icon",
            "texts": [
              "歌手",
              "mgmusic://singer-lists",
              "",
              "album"
            ]
          },
          {
            "compositImage": {
              "custom": {
                "url": "http://218.200.229.178/data2/nfs-data/stable/file-service/file-down/daee919bed570024b41928d091b57eae/7b7ff4039168a8197dc21433bde98957/c8ef8eb8b7e503efabaea4fe9cd80a87"
              }
            },
            "styleCode": "menu_icon",
            "texts": [
              "彩铃",
              "mgmusic://crbt-homepage",
              "",
              "crbtHomepage"
            ]
          }
        ]
      },
      {
        "header": {
          "title": "导航栏",
          "img": "",
          "nextPageUrl": "",
          "displayLogId": ""
        },
        "template": "videostate",
        "contents": [
          {
            "compositImage": {
              "custom": {
                "url": "http://218.200.229.178/data2/nfs-data/stable/file-service/file-down/daee919bed570024b41928d091b57eae/7b7ff4039168a8197dc21433bde98957/00e7983ec0f8cdf48bc7113504306e18"
              }
            },
            "styleCode": "menu_icon",
            "texts": [
              "歌单歌单歌单歌单歌单歌单歌单",
              "mgmusic://song-lists",
              "",
              "songLists"
            ]
          },
          {
            "compositImage": {
              "custom": {
                "url": "http://218.200.229.178/data2/nfs-data/stable/file-service/file-down/daee919bed570024b41928d091b57eae/7b7ff4039168a8197dc21433bde98957/50f2d9ea7ab75dc3c0334311239f6743"
              }
            },
            "styleCode": "menu_icon",
            "texts": [
              "电台歌单电台歌单电台歌单电台歌单电台歌单电台歌单",
              "mgmusic://scene-radio",
              "",
              "sceneRadio"
            ]
          },
          {
            "compositImage": {
              "custom": {
                "url": "http://218.200.229.178/data2/nfs-data/stable/file-service/file-down/daee919bed570024b41928d091b57eae/7b7ff4039168a8197dc21433bde98957/38efd4bacaa88087f60dbcc58f9359dd"
              }
            },
            "styleCode": "menu_icon",
            "texts": [
              "排行榜电台歌单排行榜电台歌单排行榜电台歌单排行榜电台歌单",
              "mgmusic://rank",
              "",
              "rank"
            ]
          },
          {
            "compositImage": {
              "custom": {
                "url": "http://218.200.229.178/data2/nfs-data/stable/file-service/file-down/daee919bed570024b41928d091b57eae/7b7ff4039168a8197dc21433bde98957/6cdd2a09c25524ee3022e8dca4ca2df6"
              }
            },
            "styleCode": "menu_icon",
            "texts": [
              "歌手歌手歌手歌手歌手",
              "mgmusic://singer-lists",
              "",
              "album"
            ]
          },
          {
            "compositImage": {
              "custom": {
                "url": "http://218.200.229.178/data2/nfs-data/stable/file-service/file-down/daee919bed570024b41928d091b57eae/7b7ff4039168a8197dc21433bde98957/c8ef8eb8b7e503efabaea4fe9cd80a87"
              }
            },
            "styleCode": "menu_icon",
            "texts": [
              "彩铃彩铃彩铃彩铃彩铃彩铃彩铃",
              "mgmusic://crbt-homepage",
              "",
              "crbtHomepage"
            ]
          }
        ]
      },
      {
        "header": {
          "title": "推荐歌单",
          "img": "",
          "nextPageUrl": "",
          "displayLogId": ""
        },
        "template": "recsongs",
        "contents": [
          {
            "actionUrl": "mgmusic://vrbt-fullscreen-play?contentId=600926000000179293",
            "compositImage": {
              "custom": {
                "url": "https://d.musicapp.migu.cn/prod/file-service/file-down/bcb5ddaf77828caee4eddc172edaa105/8349566f2335a6bd179ed546b1332d01/778641bd0d0194c6ea91a5dbb79c3464"
              },
              "small": {}
            },
            "displayLogId": "27516354",
            "styleCode": "banner",
            "texts": [
              "你见过粉色的沙滩吗",
              "2144",
              "2144",
              "25419940",
              "",
              ""
            ]
          },
          {
            "actionUrl": "mgmusic://concert-info?id=26212265&type=1",
            "compositImage": {
              "custom": {
                "url": "https://d.musicapp.migu.cn/prod/file-service/file-down/bcb5ddaf77828caee4eddc172edaa105/49e4e08e5d6e4483eff9c3b738556f3d/d7b740d6a6dcae82820423de9dd2d5f0"
              },
              "small": {
                "url": ""
              }
            },
            "displayLogId": "27516344",
            "styleCode": "banner",
            "texts": [
              "VR测试",
              "2144",
              "1001",
              "",
              "2.0 正在直播",
              "http://218.200.229.178/data2/nfs-data/stable/file-service/file-down/daee919bed570024b41928d091b57eae/1fc44367069f21172a5d356f81cac694/a6b79a003036f2a520311dd56d54cf7e"
            ]
          },
          {
            "actionUrl": "mgmusic://song-player?id=600913000004583246",
            "compositImage": {
              "custom": {
                "url": "http://218.200.229.178/data2/nfs-data/stable/file-service/file-down/daee919bed570024b41928d091b57eae/25d765941dde84725db4adbd73e33fe1/1b9f61908b54ab54aa405902d7a46801"
              },
              "small": {
                "url": ""
              }
            },
            "displayLogId": "27516325",
            "styleCode": "banner",
            "texts": [
              "【首发】尤长靖第一支情歌《一个人记得》深情开嗓",
              "新歌",
              "1302",
              "1115672528",
              "2.0 新歌",
              "http://218.200.229.178/data2/nfs-data/stable/file-service/file-down/daee919bed570024b41928d091b57eae/5235b49d6c466d36e0484d2f48de1945/46b2ae030ff7def468c58b6f0b90c621"
            ]
          },
          {
            "actionUrl": "mgmusic://browser?url=https%3A%2F%2Fh5.nf.migu.cn%2Fapp%2Fv3%2Fzt%2F2019%2Freal-me-crbt%2Findex.html%3Fcfrom%3Dapp",
            "compositImage": {
              "custom": {
                "url": "http://218.200.229.178/data2/nfs-data/stable/file-service/file-down/daee919bed570024b41928d091b57eae/25d765941dde84725db4adbd73e33fe1/ecda7282f841c1d71e47e34e07e5f4f8"
              },
              "small": {
                "url": ""
              }
            },
            "displayLogId": "27516317",
            "styleCode": "banner",
            "texts": [
              "6.23-6.24来电之夜视频彩铃活动",
              "2144",
              "1001",
              "",
              "",
              ""
            ]
          },
          {
            "actionUrl": "mgmusic://vrbt-fullscreen-play?contentId=600926000000179293",
            "compositImage": {
              "custom": {
                "url": "https://d.musicapp.migu.cn/prod/file-service/file-down/bcb5ddaf77828caee4eddc172edaa105/8349566f2335a6bd179ed546b1332d01/778641bd0d0194c6ea91a5dbb79c3464"
              },
              "small": {}
            },
            "displayLogId": "27516354",
            "styleCode": "banner",
            "texts": [
              "你见过粉色的沙滩吗",
              "2144",
              "2144",
              "25419940",
              "",
              ""
            ]
          },
          {
            "actionUrl": "mgmusic://concert-info?id=26212265&type=1",
            "compositImage": {
              "custom": {
                "url": "https://d.musicapp.migu.cn/prod/file-service/file-down/bcb5ddaf77828caee4eddc172edaa105/49e4e08e5d6e4483eff9c3b738556f3d/d7b740d6a6dcae82820423de9dd2d5f0"
              },
              "small": {
                "url": ""
              }
            },
            "displayLogId": "27516344",
            "styleCode": "banner",
            "texts": [
              "VR测试",
              "2144",
              "1001",
              "",
              "2.0 正在直播",
              "http://218.200.229.178/data2/nfs-data/stable/file-service/file-down/daee919bed570024b41928d091b57eae/1fc44367069f21172a5d356f81cac694/a6b79a003036f2a520311dd56d54cf7e"
            ]
          },
          {
            "actionUrl": "mgmusic://song-player?id=600913000004583246",
            "compositImage": {
              "custom": {
                "url": "http://218.200.229.178/data2/nfs-data/stable/file-service/file-down/daee919bed570024b41928d091b57eae/25d765941dde84725db4adbd73e33fe1/1b9f61908b54ab54aa405902d7a46801"
              },
              "small": {
                "url": ""
              }
            },
            "displayLogId": "27516325",
            "styleCode": "banner",
            "texts": [
              "【首发】尤长靖第一支情歌《一个人记得》深情开嗓",
              "新歌",
              "1302",
              "1115672528",
              "2.0 新歌",
              "http://218.200.229.178/data2/nfs-data/stable/file-service/file-down/daee919bed570024b41928d091b57eae/5235b49d6c466d36e0484d2f48de1945/46b2ae030ff7def468c58b6f0b90c621"
            ]
          },
          {
            "actionUrl": "mgmusic://browser?url=https%3A%2F%2Fh5.nf.migu.cn%2Fapp%2Fv3%2Fzt%2F2019%2Freal-me-crbt%2Findex.html%3Fcfrom%3Dapp",
            "compositImage": {
              "custom": {
                "url": "http://218.200.229.178/data2/nfs-data/stable/file-service/file-down/daee919bed570024b41928d091b57eae/25d765941dde84725db4adbd73e33fe1/ecda7282f841c1d71e47e34e07e5f4f8"
              },
              "small": {
                "url": ""
              }
            },
            "displayLogId": "27516317",
            "styleCode": "banner",
            "texts": [
              "6.23-6.24来电之夜视频彩铃活动",
              "2144",
              "1001",
              "",
              "",
              ""
            ]
          },
          {
            "actionUrl": "mgmusic://vrbt-fullscreen-play?contentId=600926000000179293",
            "compositImage": {
              "custom": {
                "url": "https://d.musicapp.migu.cn/prod/file-service/file-down/bcb5ddaf77828caee4eddc172edaa105/8349566f2335a6bd179ed546b1332d01/778641bd0d0194c6ea91a5dbb79c3464"
              },
              "small": {}
            },
            "displayLogId": "27516354",
            "styleCode": "banner",
            "texts": [
              "你见过粉色的沙滩吗",
              "2144",
              "2144",
              "25419940",
              "",
              ""
            ]
          },
          {
            "actionUrl": "mgmusic://concert-info?id=26212265&type=1",
            "compositImage": {
              "custom": {
                "url": "https://d.musicapp.migu.cn/prod/file-service/file-down/bcb5ddaf77828caee4eddc172edaa105/49e4e08e5d6e4483eff9c3b738556f3d/d7b740d6a6dcae82820423de9dd2d5f0"
              },
              "small": {
                "url": ""
              }
            },
            "displayLogId": "27516344",
            "styleCode": "banner",
            "texts": [
              "VR测试",
              "2144",
              "1001",
              "",
              "2.0 正在直播",
              "http://218.200.229.178/data2/nfs-data/stable/file-service/file-down/daee919bed570024b41928d091b57eae/1fc44367069f21172a5d356f81cac694/a6b79a003036f2a520311dd56d54cf7e"
            ]
          },
          {
            "actionUrl": "mgmusic://song-player?id=600913000004583246",
            "compositImage": {
              "custom": {
                "url": "http://218.200.229.178/data2/nfs-data/stable/file-service/file-down/daee919bed570024b41928d091b57eae/25d765941dde84725db4adbd73e33fe1/1b9f61908b54ab54aa405902d7a46801"
              },
              "small": {
                "url": ""
              }
            },
            "displayLogId": "27516325",
            "styleCode": "banner",
            "texts": [
              "【首发】尤长靖第一支情歌《一个人记得》深情开嗓",
              "新歌",
              "1302",
              "1115672528",
              "2.0 新歌",
              "http://218.200.229.178/data2/nfs-data/stable/file-service/file-down/daee919bed570024b41928d091b57eae/5235b49d6c466d36e0484d2f48de1945/46b2ae030ff7def468c58b6f0b90c621"
            ]
          },
          {
            "actionUrl": "mgmusic://browser?url=https%3A%2F%2Fh5.nf.migu.cn%2Fapp%2Fv3%2Fzt%2F2019%2Freal-me-crbt%2Findex.html%3Fcfrom%3Dapp",
            "compositImage": {
              "custom": {
                "url": "http://218.200.229.178/data2/nfs-data/stable/file-service/file-down/daee919bed570024b41928d091b57eae/25d765941dde84725db4adbd73e33fe1/ecda7282f841c1d71e47e34e07e5f4f8"
              },
              "small": {
                "url": ""
              }
            },
            "displayLogId": "27516317",
            "styleCode": "banner",
            "texts": [
              "6.23-6.24来电之夜视频彩铃活动",
              "2144",
              "1001",
              "",
              "",
              ""
            ]
          }
        ]
      },
      {
        "header": {
          "title": "标签",
          "img": "",
          "nextPageUrl": "",
          "displayLogId": ""
        },
        "template": "tags",
        "contents": [
          {
            "compositImage": {
              "custom": {
                "url": "http://218.200.229.178/data2/nfs-data/stable/file-service/file-down/daee919bed570024b41928d091b57eae/7b7ff4039168a8197dc21433bde98957/00e7983ec0f8cdf48bc7113504306e18"
              }
            },
            "styleCode": "menu_icon",
            "texts": [
              "歌单",
              "mgmusic://song-lists",
              "",
              "songLists"
            ]
          },
          {
            "compositImage": {
              "custom": {
                "url": "http://218.200.229.178/data2/nfs-data/stable/file-service/file-down/daee919bed570024b41928d091b57eae/7b7ff4039168a8197dc21433bde98957/50f2d9ea7ab75dc3c0334311239f6743"
              }
            },
            "styleCode": "menu_icon",
            "texts": [
              "电台",
              "mgmusic://scene-radio",
              "",
              "sceneRadio"
            ]
          },
          {
            "compositImage": {
              "custom": {
                "url": "http://218.200.229.178/data2/nfs-data/stable/file-service/file-down/daee919bed570024b41928d091b57eae/7b7ff4039168a8197dc21433bde98957/38efd4bacaa88087f60dbcc58f9359dd"
              }
            },
            "styleCode": "menu_icon",
            "texts": [
              "排行榜",
              "mgmusic://rank",
              "",
              "rank"
            ]
          },
          {
            "compositImage": {
              "custom": {
                "url": "http://218.200.229.178/data2/nfs-data/stable/file-service/file-down/daee919bed570024b41928d091b57eae/7b7ff4039168a8197dc21433bde98957/6cdd2a09c25524ee3022e8dca4ca2df6"
              }
            },
            "styleCode": "menu_icon",
            "texts": [
              "歌手",
              "mgmusic://singer-lists",
              "",
              "album"
            ]
          },
          {
            "compositImage": {
              "custom": {
                "url": "http://218.200.229.178/data2/nfs-data/stable/file-service/file-down/daee919bed570024b41928d091b57eae/7b7ff4039168a8197dc21433bde98957/c8ef8eb8b7e503efabaea4fe9cd80a87"
              }
            },
            "styleCode": "menu_icon",
            "texts": [
              "彩铃",
              "mgmusic://crbt-homepage",
              "",
              "crbtHomepage"
            ]
          },
          {
            "compositImage": {
              "custom": {
                "url": "http://218.200.229.178/data2/nfs-data/stable/file-service/file-down/daee919bed570024b41928d091b57eae/7b7ff4039168a8197dc21433bde98957/00e7983ec0f8cdf48bc7113504306e18"
              }
            },
            "styleCode": "menu_icon",
            "texts": [
              "歌单",
              "mgmusic://song-lists",
              "",
              "songLists"
            ]
          },
          {
            "compositImage": {
              "custom": {
                "url": "http://218.200.229.178/data2/nfs-data/stable/file-service/file-down/daee919bed570024b41928d091b57eae/7b7ff4039168a8197dc21433bde98957/50f2d9ea7ab75dc3c0334311239f6743"
              }
            },
            "styleCode": "menu_icon",
            "texts": [
              "电台",
              "mgmusic://scene-radio",
              "",
              "sceneRadio"
            ]
          },
          {
            "compositImage": {
              "custom": {
                "url": "http://218.200.229.178/data2/nfs-data/stable/file-service/file-down/daee919bed570024b41928d091b57eae/7b7ff4039168a8197dc21433bde98957/38efd4bacaa88087f60dbcc58f9359dd"
              }
            },
            "styleCode": "menu_icon",
            "texts": [
              "排行榜",
              "mgmusic://rank",
              "",
              "rank"
            ]
          },
          {
            "compositImage": {
              "custom": {
                "url": "http://218.200.229.178/data2/nfs-data/stable/file-service/file-down/daee919bed570024b41928d091b57eae/7b7ff4039168a8197dc21433bde98957/6cdd2a09c25524ee3022e8dca4ca2df6"
              }
            },
            "styleCode": "menu_icon",
            "texts": [
              "歌手",
              "mgmusic://singer-lists",
              "",
              "album"
            ]
          },
          {
            "compositImage": {
              "custom": {
                "url": "http://218.200.229.178/data2/nfs-data/stable/file-service/file-down/daee919bed570024b41928d091b57eae/7b7ff4039168a8197dc21433bde98957/c8ef8eb8b7e503efabaea4fe9cd80a87"
              }
            },
            "styleCode": "menu_icon",
            "texts": [
              "彩铃",
              "mgmusic://crbt-homepage",
              "",
              "crbtHomepage"
            ]
          }
        ]
      },
      {
        "header": {
          "title": "新歌速递",
          "img": "",
          "nextPageUrl": "",
          "displayLogId": ""
        },
        "template": "newsongs",
        "contents": [
          {
            "actionUrl": "mgmusic://vrbt-fullscreen-play?contentId=600926000000179293",
            "compositImage": {
              "custom": {
                "url": "https://d.musicapp.migu.cn/prod/file-service/file-down/bcb5ddaf77828caee4eddc172edaa105/8349566f2335a6bd179ed546b1332d01/778641bd0d0194c6ea91a5dbb79c3464"
              },
              "small": {}
            },
            "displayLogId": "27516354",
            "styleCode": "banner",
            "texts": [
              "好久不见",
              "高与Slient.好久不见",
              "2144",
              "25419940",
              "",
              ""
            ]
          },
          {
            "actionUrl": "mgmusic://concert-info?id=26212265&type=1",
            "compositImage": {
              "custom": {
                "url": "https://d.musicapp.migu.cn/prod/file-service/file-down/bcb5ddaf77828caee4eddc172edaa105/49e4e08e5d6e4483eff9c3b738556f3d/d7b740d6a6dcae82820423de9dd2d5f0"
              },
              "small": {
                "url": ""
              }
            },
            "displayLogId": "27516344",
            "styleCode": "banner",
            "texts": [
              "VR测试",
              "正在直播正在直播",
              "1001",
              "",
              "2.0 正在直播",
              "http://218.200.229.178/data2/nfs-data/stable/file-service/file-down/daee919bed570024b41928d091b57eae/1fc44367069f21172a5d356f81cac694/a6b79a003036f2a520311dd56d54cf7e"
            ]
          },
          {
            "actionUrl": "mgmusic://song-player?id=600913000004583246",
            "compositImage": {
              "custom": {
                "url": "http://218.200.229.178/data2/nfs-data/stable/file-service/file-down/daee919bed570024b41928d091b57eae/25d765941dde84725db4adbd73e33fe1/1b9f61908b54ab54aa405902d7a46801"
              },
              "small": {
                "url": ""
              }
            },
            "displayLogId": "27516325",
            "styleCode": "banner",
            "texts": [
              "好久不见，嘿，你好吗好久不见，嘿，你好吗好久不见，嘿，你好吗好久不见，嘿，你好吗",
              "高与Slient.好久不见",
              "1302",
              "1115672528",
              "2.0 新歌",
              "http://218.200.229.178/data2/nfs-data/stable/file-service/file-down/daee919bed570024b41928d091b57eae/5235b49d6c466d36e0484d2f48de1945/46b2ae030ff7def468c58b6f0b90c621"
            ]
          },
          {
            "actionUrl": "mgmusic://browser?url=https%3A%2F%2Fh5.nf.migu.cn%2Fapp%2Fv3%2Fzt%2F2019%2Freal-me-crbt%2Findex.html%3Fcfrom%3Dapp",
            "compositImage": {
              "custom": {
                "url": "http://218.200.229.178/data2/nfs-data/stable/file-service/file-down/daee919bed570024b41928d091b57eae/25d765941dde84725db4adbd73e33fe1/ecda7282f841c1d71e47e34e07e5f4f8"
              },
              "small": {
                "url": ""
              }
            },
            "displayLogId": "27516317",
            "styleCode": "banner",
            "texts": [
              "6.23-6.24来电之夜视频彩铃",
              "正在直播正在直播正在直播正在直播",
              "1001",
              "",
              "",
              ""
            ]
          },
          {
            "actionUrl": "mgmusic://vrbt-fullscreen-play?contentId=600926000000179293",
            "compositImage": {
              "custom": {
                "url": "https://d.musicapp.migu.cn/prod/file-service/file-down/bcb5ddaf77828caee4eddc172edaa105/8349566f2335a6bd179ed546b1332d01/778641bd0d0194c6ea91a5dbb79c3464"
              },
              "small": {}
            },
            "displayLogId": "27516354",
            "styleCode": "banner",
            "texts": [
              "你见过粉色的沙滩吗",
              "2144",
              "2144",
              "25419940",
              "",
              ""
            ]
          },
          {
            "actionUrl": "mgmusic://concert-info?id=26212265&type=1",
            "compositImage": {
              "custom": {
                "url": "https://d.musicapp.migu.cn/prod/file-service/file-down/bcb5ddaf77828caee4eddc172edaa105/49e4e08e5d6e4483eff9c3b738556f3d/d7b740d6a6dcae82820423de9dd2d5f0"
              },
              "small": {
                "url": ""
              }
            },
            "displayLogId": "27516344",
            "styleCode": "banner",
            "texts": [
              "VR测试",
              "2144",
              "1001",
              "",
              "2.0 正在直播",
              "http://218.200.229.178/data2/nfs-data/stable/file-service/file-down/daee919bed570024b41928d091b57eae/1fc44367069f21172a5d356f81cac694/a6b79a003036f2a520311dd56d54cf7e"
            ]
          },
          {
            "actionUrl": "mgmusic://song-player?id=600913000004583246",
            "compositImage": {
              "custom": {
                "url": "http://218.200.229.178/data2/nfs-data/stable/file-service/file-down/daee919bed570024b41928d091b57eae/25d765941dde84725db4adbd73e33fe1/1b9f61908b54ab54aa405902d7a46801"
              },
              "small": {
                "url": ""
              }
            },
            "displayLogId": "27516325",
            "styleCode": "banner",
            "texts": [
              "【首发】尤长靖第一支情歌《一个人记得》深情开嗓",
              "新歌",
              "1302",
              "1115672528",
              "2.0 新歌",
              "http://218.200.229.178/data2/nfs-data/stable/file-service/file-down/daee919bed570024b41928d091b57eae/5235b49d6c466d36e0484d2f48de1945/46b2ae030ff7def468c58b6f0b90c621"
            ]
          },
          {
            "actionUrl": "mgmusic://browser?url=https%3A%2F%2Fh5.nf.migu.cn%2Fapp%2Fv3%2Fzt%2F2019%2Freal-me-crbt%2Findex.html%3Fcfrom%3Dapp",
            "compositImage": {
              "custom": {
                "url": "http://218.200.229.178/data2/nfs-data/stable/file-service/file-down/daee919bed570024b41928d091b57eae/25d765941dde84725db4adbd73e33fe1/ecda7282f841c1d71e47e34e07e5f4f8"
              },
              "small": {
                "url": ""
              }
            },
            "displayLogId": "27516317",
            "styleCode": "banner",
            "texts": [
              "6.23-6.24来电之夜视频彩铃活动",
              "2144",
              "1001",
              "",
              "",
              ""
            ]
          },
          {
            "actionUrl": "mgmusic://vrbt-fullscreen-play?contentId=600926000000179293",
            "compositImage": {
              "custom": {
                "url": "https://d.musicapp.migu.cn/prod/file-service/file-down/bcb5ddaf77828caee4eddc172edaa105/8349566f2335a6bd179ed546b1332d01/778641bd0d0194c6ea91a5dbb79c3464"
              },
              "small": {}
            },
            "displayLogId": "27516354",
            "styleCode": "banner",
            "texts": [
              "你见过粉色的沙滩吗",
              "2144",
              "2144",
              "25419940",
              "",
              ""
            ]
          },
          {
            "actionUrl": "mgmusic://concert-info?id=26212265&type=1",
            "compositImage": {
              "custom": {
                "url": "https://d.musicapp.migu.cn/prod/file-service/file-down/bcb5ddaf77828caee4eddc172edaa105/49e4e08e5d6e4483eff9c3b738556f3d/d7b740d6a6dcae82820423de9dd2d5f0"
              },
              "small": {
                "url": ""
              }
            },
            "displayLogId": "27516344",
            "styleCode": "banner",
            "texts": [
              "VR测试",
              "2144",
              "1001",
              "",
              "2.0 正在直播",
              "http://218.200.229.178/data2/nfs-data/stable/file-service/file-down/daee919bed570024b41928d091b57eae/1fc44367069f21172a5d356f81cac694/a6b79a003036f2a520311dd56d54cf7e"
            ]
          },
          {
            "actionUrl": "mgmusic://song-player?id=600913000004583246",
            "compositImage": {
              "custom": {
                "url": "http://218.200.229.178/data2/nfs-data/stable/file-service/file-down/daee919bed570024b41928d091b57eae/25d765941dde84725db4adbd73e33fe1/1b9f61908b54ab54aa405902d7a46801"
              },
              "small": {
                "url": ""
              }
            },
            "displayLogId": "27516325",
            "styleCode": "banner",
            "texts": [
              "【首发】尤长靖第一支情歌《一个人记得》深情开嗓",
              "新歌",
              "1302",
              "1115672528",
              "2.0 新歌",
              "http://218.200.229.178/data2/nfs-data/stable/file-service/file-down/daee919bed570024b41928d091b57eae/5235b49d6c466d36e0484d2f48de1945/46b2ae030ff7def468c58b6f0b90c621"
            ]
          },
          {
            "actionUrl": "mgmusic://browser?url=https%3A%2F%2Fh5.nf.migu.cn%2Fapp%2Fv3%2Fzt%2F2019%2Freal-me-crbt%2Findex.html%3Fcfrom%3Dapp",
            "compositImage": {
              "custom": {
                "url": "http://218.200.229.178/data2/nfs-data/stable/file-service/file-down/daee919bed570024b41928d091b57eae/25d765941dde84725db4adbd73e33fe1/ecda7282f841c1d71e47e34e07e5f4f8"
              },
              "small": {
                "url": ""
              }
            },
            "displayLogId": "27516317",
            "styleCode": "banner",
            "texts": [
              "6.23-6.24来电之夜视频彩铃活动",
              "2144",
              "1001",
              "",
              "",
              ""
            ]
          }
        ]
      },
      {
        "header": {
          "title": "新碟上架",
          "img": "",
          "nextPageUrl": "",
          "displayLogId": ""
        },
        "template": "newdiscs",
        "contents": [
          {
            "actionUrl": "mgmusic://vrbt-fullscreen-play?contentId=600926000000179293",
            "compositImage": {
              "custom": {
                "url": "https://d.musicapp.migu.cn/prod/file-service/file-down/bcb5ddaf77828caee4eddc172edaa105/8349566f2335a6bd179ed546b1332d01/778641bd0d0194c6ea91a5dbb79c3464"
              },
              "small": {}
            },
            "displayLogId": "27516354",
            "styleCode": "banner",
            "texts": [
              "好久不见",
              "高与Slient.好久不见",
              "2144",
              "25419940",
              "",
              ""
            ]
          },
          {
            "actionUrl": "mgmusic://concert-info?id=26212265&type=1",
            "compositImage": {
              "custom": {
                "url": "https://d.musicapp.migu.cn/prod/file-service/file-down/bcb5ddaf77828caee4eddc172edaa105/49e4e08e5d6e4483eff9c3b738556f3d/d7b740d6a6dcae82820423de9dd2d5f0"
              },
              "small": {
                "url": ""
              }
            },
            "displayLogId": "27516344",
            "styleCode": "banner",
            "texts": [
              "VR测试",
              "正在直播正在直播",
              "1001",
              "",
              "2.0 正在直播",
              "http://218.200.229.178/data2/nfs-data/stable/file-service/file-down/daee919bed570024b41928d091b57eae/1fc44367069f21172a5d356f81cac694/a6b79a003036f2a520311dd56d54cf7e"
            ]
          },
          {
            "actionUrl": "mgmusic://song-player?id=600913000004583246",
            "compositImage": {
              "custom": {
                "url": "http://218.200.229.178/data2/nfs-data/stable/file-service/file-down/daee919bed570024b41928d091b57eae/25d765941dde84725db4adbd73e33fe1/1b9f61908b54ab54aa405902d7a46801"
              },
              "small": {
                "url": ""
              }
            },
            "displayLogId": "27516325",
            "styleCode": "banner",
            "texts": [
              "好久不见，嘿，你好吗好久不见，嘿，你好吗好久不见，嘿，你好吗好久不见，嘿，你好吗",
              "高与Slient.好久不见",
              "1302",
              "1115672528",
              "2.0 新歌",
              "http://218.200.229.178/data2/nfs-data/stable/file-service/file-down/daee919bed570024b41928d091b57eae/5235b49d6c466d36e0484d2f48de1945/46b2ae030ff7def468c58b6f0b90c621"
            ]
          },
          {
            "actionUrl": "mgmusic://browser?url=https%3A%2F%2Fh5.nf.migu.cn%2Fapp%2Fv3%2Fzt%2F2019%2Freal-me-crbt%2Findex.html%3Fcfrom%3Dapp",
            "compositImage": {
              "custom": {
                "url": "http://218.200.229.178/data2/nfs-data/stable/file-service/file-down/daee919bed570024b41928d091b57eae/25d765941dde84725db4adbd73e33fe1/ecda7282f841c1d71e47e34e07e5f4f8"
              },
              "small": {
                "url": ""
              }
            },
            "displayLogId": "27516317",
            "styleCode": "banner",
            "texts": [
              "6.23-6.24来电之夜视频彩铃",
              "正在直播正在直播正在直播正在直播",
              "1001",
              "",
              "",
              ""
            ]
          },
          {
            "actionUrl": "mgmusic://vrbt-fullscreen-play?contentId=600926000000179293",
            "compositImage": {
              "custom": {
                "url": "https://d.musicapp.migu.cn/prod/file-service/file-down/bcb5ddaf77828caee4eddc172edaa105/8349566f2335a6bd179ed546b1332d01/778641bd0d0194c6ea91a5dbb79c3464"
              },
              "small": {}
            },
            "displayLogId": "27516354",
            "styleCode": "banner",
            "texts": [
              "你见过粉色的沙滩吗",
              "2144",
              "2144",
              "25419940",
              "",
              ""
            ]
          }
        ]
      },
      {
        "header": {
          "title": "你可能喜欢",
          "img": "",
          "nextPageUrl": "",
          "displayLogId": ""
        },
        "template": "newsongs",
        "contents": [
          {
            "actionUrl": "mgmusic://vrbt-fullscreen-play?contentId=600926000000179293",
            "compositImage": {
              "custom": {
                "url": "https://d.musicapp.migu.cn/prod/file-service/file-down/bcb5ddaf77828caee4eddc172edaa105/8349566f2335a6bd179ed546b1332d01/778641bd0d0194c6ea91a5dbb79c3464"
              },
              "small": {}
            },
            "displayLogId": "27516354",
            "styleCode": "banner",
            "texts": [
              "好久不见",
              "高与Slient.好久不见",
              "2144",
              "25419940",
              "",
              ""
            ]
          },
          {
            "actionUrl": "mgmusic://concert-info?id=26212265&type=1",
            "compositImage": {
              "custom": {
                "url": "https://d.musicapp.migu.cn/prod/file-service/file-down/bcb5ddaf77828caee4eddc172edaa105/49e4e08e5d6e4483eff9c3b738556f3d/d7b740d6a6dcae82820423de9dd2d5f0"
              },
              "small": {
                "url": ""
              }
            },
            "displayLogId": "27516344",
            "styleCode": "banner",
            "texts": [
              "VR测试",
              "正在直播正在直播",
              "1001",
              "",
              "2.0 正在直播",
              "http://218.200.229.178/data2/nfs-data/stable/file-service/file-down/daee919bed570024b41928d091b57eae/1fc44367069f21172a5d356f81cac694/a6b79a003036f2a520311dd56d54cf7e"
            ]
          },
          {
            "actionUrl": "mgmusic://song-player?id=600913000004583246",
            "compositImage": {
              "custom": {
                "url": "http://218.200.229.178/data2/nfs-data/stable/file-service/file-down/daee919bed570024b41928d091b57eae/25d765941dde84725db4adbd73e33fe1/1b9f61908b54ab54aa405902d7a46801"
              },
              "small": {
                "url": ""
              }
            },
            "displayLogId": "27516325",
            "styleCode": "banner",
            "texts": [
              "好久不见，嘿，你好吗好久不见，嘿，你好吗好久不见，嘿，你好吗好久不见，嘿，你好吗",
              "高与Slient.好久不见",
              "1302",
              "1115672528",
              "2.0 新歌",
              "http://218.200.229.178/data2/nfs-data/stable/file-service/file-down/daee919bed570024b41928d091b57eae/5235b49d6c466d36e0484d2f48de1945/46b2ae030ff7def468c58b6f0b90c621"
            ]
          },
          {
            "actionUrl": "mgmusic://browser?url=https%3A%2F%2Fh5.nf.migu.cn%2Fapp%2Fv3%2Fzt%2F2019%2Freal-me-crbt%2Findex.html%3Fcfrom%3Dapp",
            "compositImage": {
              "custom": {
                "url": "http://218.200.229.178/data2/nfs-data/stable/file-service/file-down/daee919bed570024b41928d091b57eae/25d765941dde84725db4adbd73e33fe1/ecda7282f841c1d71e47e34e07e5f4f8"
              },
              "small": {
                "url": ""
              }
            },
            "displayLogId": "27516317",
            "styleCode": "banner",
            "texts": [
              "6.23-6.24来电之夜视频彩铃",
              "正在直播正在直播正在直播正在直播",
              "1001",
              "",
              "",
              ""
            ]
          },
          {
            "actionUrl": "mgmusic://vrbt-fullscreen-play?contentId=600926000000179293",
            "compositImage": {
              "custom": {
                "url": "https://d.musicapp.migu.cn/prod/file-service/file-down/bcb5ddaf77828caee4eddc172edaa105/8349566f2335a6bd179ed546b1332d01/778641bd0d0194c6ea91a5dbb79c3464"
              },
              "small": {}
            },
            "displayLogId": "27516354",
            "styleCode": "banner",
            "texts": [
              "你见过粉色的沙滩吗",
              "2144",
              "2144",
              "25419940",
              "",
              ""
            ]
          },
          {
            "actionUrl": "mgmusic://concert-info?id=26212265&type=1",
            "compositImage": {
              "custom": {
                "url": "https://d.musicapp.migu.cn/prod/file-service/file-down/bcb5ddaf77828caee4eddc172edaa105/49e4e08e5d6e4483eff9c3b738556f3d/d7b740d6a6dcae82820423de9dd2d5f0"
              },
              "small": {
                "url": ""
              }
            },
            "displayLogId": "27516344",
            "styleCode": "banner",
            "texts": [
              "VR测试",
              "2144",
              "1001",
              "",
              "2.0 正在直播",
              "http://218.200.229.178/data2/nfs-data/stable/file-service/file-down/daee919bed570024b41928d091b57eae/1fc44367069f21172a5d356f81cac694/a6b79a003036f2a520311dd56d54cf7e"
            ]
          },
          {
            "actionUrl": "mgmusic://song-player?id=600913000004583246",
            "compositImage": {
              "custom": {
                "url": "http://218.200.229.178/data2/nfs-data/stable/file-service/file-down/daee919bed570024b41928d091b57eae/25d765941dde84725db4adbd73e33fe1/1b9f61908b54ab54aa405902d7a46801"
              },
              "small": {
                "url": ""
              }
            },
            "displayLogId": "27516325",
            "styleCode": "banner",
            "texts": [
              "【首发】尤长靖第一支情歌《一个人记得》深情开嗓",
              "新歌",
              "1302",
              "1115672528",
              "2.0 新歌",
              "http://218.200.229.178/data2/nfs-data/stable/file-service/file-down/daee919bed570024b41928d091b57eae/5235b49d6c466d36e0484d2f48de1945/46b2ae030ff7def468c58b6f0b90c621"
            ]
          },
          {
            "actionUrl": "mgmusic://browser?url=https%3A%2F%2Fh5.nf.migu.cn%2Fapp%2Fv3%2Fzt%2F2019%2Freal-me-crbt%2Findex.html%3Fcfrom%3Dapp",
            "compositImage": {
              "custom": {
                "url": "http://218.200.229.178/data2/nfs-data/stable/file-service/file-down/daee919bed570024b41928d091b57eae/25d765941dde84725db4adbd73e33fe1/ecda7282f841c1d71e47e34e07e5f4f8"
              },
              "small": {
                "url": ""
              }
            },
            "displayLogId": "27516317",
            "styleCode": "banner",
            "texts": [
              "6.23-6.24来电之夜视频彩铃活动",
              "2144",
              "1001",
              "",
              "",
              ""
            ]
          },
          {
            "actionUrl": "mgmusic://vrbt-fullscreen-play?contentId=600926000000179293",
            "compositImage": {
              "custom": {
                "url": "https://d.musicapp.migu.cn/prod/file-service/file-down/bcb5ddaf77828caee4eddc172edaa105/8349566f2335a6bd179ed546b1332d01/778641bd0d0194c6ea91a5dbb79c3464"
              },
              "small": {}
            },
            "displayLogId": "27516354",
            "styleCode": "banner",
            "texts": [
              "你见过粉色的沙滩吗",
              "2144",
              "2144",
              "25419940",
              "",
              ""
            ]
          },
          {
            "actionUrl": "mgmusic://concert-info?id=26212265&type=1",
            "compositImage": {
              "custom": {
                "url": "https://d.musicapp.migu.cn/prod/file-service/file-down/bcb5ddaf77828caee4eddc172edaa105/49e4e08e5d6e4483eff9c3b738556f3d/d7b740d6a6dcae82820423de9dd2d5f0"
              },
              "small": {
                "url": ""
              }
            },
            "displayLogId": "27516344",
            "styleCode": "banner",
            "texts": [
              "VR测试",
              "2144",
              "1001",
              "",
              "2.0 正在直播",
              "http://218.200.229.178/data2/nfs-data/stable/file-service/file-down/daee919bed570024b41928d091b57eae/1fc44367069f21172a5d356f81cac694/a6b79a003036f2a520311dd56d54cf7e"
            ]
          },
          {
            "actionUrl": "mgmusic://song-player?id=600913000004583246",
            "compositImage": {
              "custom": {
                "url": "http://218.200.229.178/data2/nfs-data/stable/file-service/file-down/daee919bed570024b41928d091b57eae/25d765941dde84725db4adbd73e33fe1/1b9f61908b54ab54aa405902d7a46801"
              },
              "small": {
                "url": ""
              }
            },
            "displayLogId": "27516325",
            "styleCode": "banner",
            "texts": [
              "【首发】尤长靖第一支情歌《一个人记得》深情开嗓",
              "新歌",
              "1302",
              "1115672528",
              "2.0 新歌",
              "http://218.200.229.178/data2/nfs-data/stable/file-service/file-down/daee919bed570024b41928d091b57eae/5235b49d6c466d36e0484d2f48de1945/46b2ae030ff7def468c58b6f0b90c621"
            ]
          },
          {
            "actionUrl": "mgmusic://browser?url=https%3A%2F%2Fh5.nf.migu.cn%2Fapp%2Fv3%2Fzt%2F2019%2Freal-me-crbt%2Findex.html%3Fcfrom%3Dapp",
            "compositImage": {
              "custom": {
                "url": "http://218.200.229.178/data2/nfs-data/stable/file-service/file-down/daee919bed570024b41928d091b57eae/25d765941dde84725db4adbd73e33fe1/ecda7282f841c1d71e47e34e07e5f4f8"
              },
              "small": {
                "url": ""
              }
            },
            "displayLogId": "27516317",
            "styleCode": "banner",
            "texts": [
              "6.23-6.24来电之夜视频彩铃活动",
              "2144",
              "1001",
              "",
              "",
              ""
            ]
          }
        ]
      },
      {
        "header": {
          "title": "精彩专区",
          "img": "",
          "nextPageUrl": "",
          "displayLogId": ""
        },
        "template": "wonderfulzone",
        "contents": [
          {
            "actionUrl": "mgmusic://vrbt-fullscreen-play?contentId=600926000000179293",
            "compositImage": {
              "custom": {
                "url": "https://d.musicapp.migu.cn/prod/file-service/file-down/bcb5ddaf77828caee4eddc172edaa105/8349566f2335a6bd179ed546b1332d01/778641bd0d0194c6ea91a5dbb79c3464"
              },
              "small": {}
            },
            "displayLogId": "27516354",
            "styleCode": "banner",
            "texts": [
              "好久不见",
              "高与Slient.好久不见",
              "2144",
              "25419940",
              "",
              ""
            ]
          },
          {
            "actionUrl": "mgmusic://concert-info?id=26212265&type=1",
            "compositImage": {
              "custom": {
                "url": "https://d.musicapp.migu.cn/prod/file-service/file-down/bcb5ddaf77828caee4eddc172edaa105/49e4e08e5d6e4483eff9c3b738556f3d/d7b740d6a6dcae82820423de9dd2d5f0"
              },
              "small": {
                "url": ""
              }
            },
            "displayLogId": "27516344",
            "styleCode": "banner",
            "texts": [
              "VR测试",
              "正在直播正在直播",
              "1001",
              "",
              "2.0 正在直播",
              "http://218.200.229.178/data2/nfs-data/stable/file-service/file-down/daee919bed570024b41928d091b57eae/1fc44367069f21172a5d356f81cac694/a6b79a003036f2a520311dd56d54cf7e"
            ]
          },
          {
            "actionUrl": "mgmusic://song-player?id=600913000004583246",
            "compositImage": {
              "custom": {
                "url": "http://218.200.229.178/data2/nfs-data/stable/file-service/file-down/daee919bed570024b41928d091b57eae/25d765941dde84725db4adbd73e33fe1/1b9f61908b54ab54aa405902d7a46801"
              },
              "small": {
                "url": ""
              }
            },
            "displayLogId": "27516325",
            "styleCode": "banner",
            "texts": [
              "好久不见，嘿，你好吗好久不见，嘿，你好吗好久不见，嘿，你好吗好久不见，嘿，你好吗",
              "高与Slient.好久不见",
              "1302",
              "1115672528",
              "2.0 新歌",
              "http://218.200.229.178/data2/nfs-data/stable/file-service/file-down/daee919bed570024b41928d091b57eae/5235b49d6c466d36e0484d2f48de1945/46b2ae030ff7def468c58b6f0b90c621"
            ]
          },
          {
            "actionUrl": "mgmusic://browser?url=https%3A%2F%2Fh5.nf.migu.cn%2Fapp%2Fv3%2Fzt%2F2019%2Freal-me-crbt%2Findex.html%3Fcfrom%3Dapp",
            "compositImage": {
              "custom": {
                "url": "http://218.200.229.178/data2/nfs-data/stable/file-service/file-down/daee919bed570024b41928d091b57eae/25d765941dde84725db4adbd73e33fe1/ecda7282f841c1d71e47e34e07e5f4f8"
              },
              "small": {
                "url": ""
              }
            },
            "displayLogId": "27516317",
            "styleCode": "banner",
            "texts": [
              "6.23-6.24来电之夜视频彩铃",
              "正在直播正在直播正在直播正在直播",
              "1001",
              "",
              "",
              ""
            ]
          },
          {
            "actionUrl": "mgmusic://vrbt-fullscreen-play?contentId=600926000000179293",
            "compositImage": {
              "custom": {
                "url": "https://d.musicapp.migu.cn/prod/file-service/file-down/bcb5ddaf77828caee4eddc172edaa105/8349566f2335a6bd179ed546b1332d01/778641bd0d0194c6ea91a5dbb79c3464"
              },
              "small": {}
            },
            "displayLogId": "27516354",
            "styleCode": "banner",
            "texts": [
              "你见过粉色的沙滩吗",
              "2144",
              "2144",
              "25419940",
              "",
              ""
            ]
          },
          {
            "actionUrl": "mgmusic://concert-info?id=26212265&type=1",
            "compositImage": {
              "custom": {
                "url": "https://d.musicapp.migu.cn/prod/file-service/file-down/bcb5ddaf77828caee4eddc172edaa105/49e4e08e5d6e4483eff9c3b738556f3d/d7b740d6a6dcae82820423de9dd2d5f0"
              },
              "small": {
                "url": ""
              }
            },
            "displayLogId": "27516344",
            "styleCode": "banner",
            "texts": [
              "VR测试",
              "2144",
              "1001",
              "",
              "2.0 正在直播",
              "http://218.200.229.178/data2/nfs-data/stable/file-service/file-down/daee919bed570024b41928d091b57eae/1fc44367069f21172a5d356f81cac694/a6b79a003036f2a520311dd56d54cf7e"
            ]
          }
        ]
      },
      {
        "header": {
          "title": "尖叫新歌榜",
          "img": "",
          "nextPageUrl": "",
          "displayLogId": ""
        },
        "template": "screamsongs",
        "contents": [
          {
            "actionUrl": "mgmusic://vrbt-fullscreen-play?contentId=600926000000179293",
            "compositImage": {
              "custom": {
                "url": "https://d.musicapp.migu.cn/prod/file-service/file-down/bcb5ddaf77828caee4eddc172edaa105/8349566f2335a6bd179ed546b1332d01/778641bd0d0194c6ea91a5dbb79c3464"
              },
              "small": {}
            },
            "displayLogId": "27516354",
            "styleCode": "banner",
            "texts": [
              "好久不见",
              "高与Slient.好久不见",
              "2144",
              "25419940",
              "",
              ""
            ]
          },
          {
            "actionUrl": "mgmusic://concert-info?id=26212265&type=1",
            "compositImage": {
              "custom": {
                "url": "https://d.musicapp.migu.cn/prod/file-service/file-down/bcb5ddaf77828caee4eddc172edaa105/49e4e08e5d6e4483eff9c3b738556f3d/d7b740d6a6dcae82820423de9dd2d5f0"
              },
              "small": {
                "url": ""
              }
            },
            "displayLogId": "27516344",
            "styleCode": "banner",
            "texts": [
              "VR测试",
              "正在直播正在直播",
              "1001",
              "",
              "2.0 正在直播",
              "http://218.200.229.178/data2/nfs-data/stable/file-service/file-down/daee919bed570024b41928d091b57eae/1fc44367069f21172a5d356f81cac694/a6b79a003036f2a520311dd56d54cf7e"
            ]
          },
          {
            "actionUrl": "mgmusic://song-player?id=600913000004583246",
            "compositImage": {
              "custom": {
                "url": "http://218.200.229.178/data2/nfs-data/stable/file-service/file-down/daee919bed570024b41928d091b57eae/25d765941dde84725db4adbd73e33fe1/1b9f61908b54ab54aa405902d7a46801"
              },
              "small": {
                "url": ""
              }
            },
            "displayLogId": "27516325",
            "styleCode": "banner",
            "texts": [
              "好久不见，嘿，你好吗好久不见，嘿，你好吗好久不见，嘿，你好吗好久不见，嘿，你好吗",
              "高与Slient.好久不见",
              "1302",
              "1115672528",
              "2.0 新歌",
              "http://218.200.229.178/data2/nfs-data/stable/file-service/file-down/daee919bed570024b41928d091b57eae/5235b49d6c466d36e0484d2f48de1945/46b2ae030ff7def468c58b6f0b90c621"
            ]
          },
          {
            "actionUrl": "mgmusic://browser?url=https%3A%2F%2Fh5.nf.migu.cn%2Fapp%2Fv3%2Fzt%2F2019%2Freal-me-crbt%2Findex.html%3Fcfrom%3Dapp",
            "compositImage": {
              "custom": {
                "url": "http://218.200.229.178/data2/nfs-data/stable/file-service/file-down/daee919bed570024b41928d091b57eae/25d765941dde84725db4adbd73e33fe1/ecda7282f841c1d71e47e34e07e5f4f8"
              },
              "small": {
                "url": ""
              }
            },
            "displayLogId": "27516317",
            "styleCode": "banner",
            "texts": [
              "6.23-6.24来电之夜视频彩铃",
              "正在直播正在直播正在直播正在直播",
              "1001",
              "",
              "",
              ""
            ]
          },
          {
            "actionUrl": "mgmusic://vrbt-fullscreen-play?contentId=600926000000179293",
            "compositImage": {
              "custom": {
                "url": "https://d.musicapp.migu.cn/prod/file-service/file-down/bcb5ddaf77828caee4eddc172edaa105/8349566f2335a6bd179ed546b1332d01/778641bd0d0194c6ea91a5dbb79c3464"
              },
              "small": {}
            },
            "displayLogId": "27516354",
            "styleCode": "banner",
            "texts": [
              "你见过粉色的沙滩吗",
              "2144",
              "2144",
              "25419940",
              "",
              ""
            ]
          },
          {
            "actionUrl": "mgmusic://concert-info?id=26212265&type=1",
            "compositImage": {
              "custom": {
                "url": "https://d.musicapp.migu.cn/prod/file-service/file-down/bcb5ddaf77828caee4eddc172edaa105/49e4e08e5d6e4483eff9c3b738556f3d/d7b740d6a6dcae82820423de9dd2d5f0"
              },
              "small": {
                "url": ""
              }
            },
            "displayLogId": "27516344",
            "styleCode": "banner",
            "texts": [
              "VR测试",
              "2144",
              "1001",
              "",
              "2.0 正在直播",
              "http://218.200.229.178/data2/nfs-data/stable/file-service/file-down/daee919bed570024b41928d091b57eae/1fc44367069f21172a5d356f81cac694/a6b79a003036f2a520311dd56d54cf7e"
            ]
          }
        ]
      }
    ],
    "page": {
      "key": "value"
    }
  }
}