{
  "code": "000000",
  "info": "操作成功",
  "data": {
    "contents": [
      {
        "contents": [
          {
            "action": "mgmusic://concert-info?id=24328619",
            "displayLog": "27764339",
            "img": "http://218.200.229.178/data2/nfs-data/stable/file-service/file-down/daee919bed570024b41928d091b57eae/ca6a490202d8e749fafb0569d61f2f28/c9f3515df9b99679613f929b91dd2a46",
            "pressedLog": "27764339",
            "view": "Top-Img-Item"
          }
        ],
        "view": "Top-Img"
      },
      {
        "contents": [
          {
            "action": "mgmusic://vrbt-fullscreen-play?contentId=600926000000179293",
            "displayLog": "27516354",
            "img": "",
            "pressedLog": "27516354",
            "txt": "",
            "view": "ZJ-Banner-Item"
          },
          {
            "action": "mgmusic://concert-info?id=26212265&type=1",
            "displayLog": "27516344",
            "pressedLog": "27516344",
            "txt": "2.0 正在直播",
            "view": "ZJ-Banner-Item"
          },
          {
            "action": "mgmusic://song-player?id=600913000004583246",
            "displayLog": "27516325",
            "img": "http://218.200.229.178/data2/nfs-data/stable/file-service/file-down/daee919bed570024b41928d091b57eae/25d765941dde84725db4adbd73e33fe1/1b9f61908b54ab54aa405902d7a46801",
            "pressedLog": "27516325",
            "txt": "2.0 新歌",
            "view": "ZJ-Banner-Item"
          },
          {
            "action": "mgmusic://browser?url=https%3A%2F%2Fh5.nf.migu.cn%2Fapp%2Fv3%2Fzt%2F2019%2Freal-me-crbt%2Findex.html%3Fcfrom%3Dapp",
            "displayLog": "27516317",
            "img": "http://218.200.229.178/data2/nfs-data/stable/file-service/file-down/daee919bed570024b41928d091b57eae/25d765941dde84725db4adbd73e33fe1/ecda7282f841c1d71e47e34e07e5f4f8",
            "pressedLog": "27516317",
            "txt": "",
            "view": "ZJ-Banner-Item"
          }
        ],
        "view": "ZJ-Banner"
      },
      {
        "contents": [
          {
            "action": "mgmusic://song-lists",
            "displayLog": "27510030",
            "img": "http://218.200.229.178/data2/nfs-data/stable/file-service/file-down/daee919bed570024b41928d091b57eae/7b7ff4039168a8197dc21433bde98957/00e7983ec0f8cdf48bc7113504306e18",
            "pressedLog": "27510030",
            "txt": "歌单",
            "view": "Transformers-Item"
          },
          {
            "action": "mgmusic://scene-radio",
            "displayLog": "27510027",
            "img": "http://218.200.229.178/data2/nfs-data/stable/file-service/file-down/daee919bed570024b41928d091b57eae/7b7ff4039168a8197dc21433bde98957/50f2d9ea7ab75dc3c0334311239f6743",
            "pressedLog": "27510027",
            "txt": "电台",
            "view": "Transformers-Item"
          },
          {
            "action": "mgmusic://rank",
            "displayLog": "27510024",
            "img": "http://218.200.229.178/data2/nfs-data/stable/file-service/file-down/daee919bed570024b41928d091b57eae/7b7ff4039168a8197dc21433bde98957/38efd4bacaa88087f60dbcc58f9359dd",
            "pressedLog": "27510024",
            "txt": "排行榜",
            "view": "Transformers-Item"
          },
          {
            "action": "mgmusic://singer-lists",
            "displayLog": "27510021",
            "img": "http://218.200.229.178/data2/nfs-data/stable/file-service/file-down/daee919bed570024b41928d091b57eae/7b7ff4039168a8197dc21433bde98957/6cdd2a09c25524ee3022e8dca4ca2df6",
            "pressedLog": "27510021",
            "txt": "歌手",
            "view": "Transformers-Item"
          },
          {
            "action": "mgmusic://crbt-homepage",
            "displayLog": "27510018",
            "img": "http://218.200.229.178/data2/nfs-data/stable/file-service/file-down/daee919bed570024b41928d091b57eae/7b7ff4039168a8197dc21433bde98957/c8ef8eb8b7e503efabaea4fe9cd80a87",
            "pressedLog": "27510018",
            "txt": "彩铃",
            "view": "Transformers-Item"
          }
        ],
        "view": "ZJ-Transformers"
      },
      {
        "contents": [
          {
            "action": "mgmusic://concert-info?id=25817544",
            "displayLog": "27516511",
            "img": "http://218.200.229.178/data2/nfs-data/stable/file-service/file-down/daee919bed570024b41928d091b57eae/2d77a4f9349700e626ecae81b765e599/fb853a247d262fedf488404cad62b2e9",
            "pressedLog": "27516511",
            "txt": "",
            "view": "ZJ-Banner-V-Item"
          },
          {
            "action": "mgmusic://concert-info?id=25817533",
            "displayLog": "27516462",
            "img": "http://218.200.229.178/data2/nfs-data/stable/file-service/file-down/daee919bed570024b41928d091b57eae/2d77a4f9349700e626ecae81b765e599/86832bc4331df540e0193f6197db4fec",
            "pressedLog": "27516462",
            "txt": "",
            "view": "ZJ-Banner-V-Item"
          }
        ],
        "view": "ZJ-Banner-V"
      },
      {
        "contents": [
          {
            "action": "http://axure.prd.fun/IG323Z/#g=1&p=%E9%9F%B3%E4%B9%90%E9%A6%96%E9%A1%B5%E5%AE%8C%E6%95%B4",
            "displayLog": "27736915",
            "pressedLog": "27736915",
            "txt": "推荐歌单",
            "txt2": "专属歌单库",
            "view": "ZJ-Title"
          }
        ],
        "view": "ZJ-Title"
      },
      {
        "contents": [
          {
            "action": "mgmusic://song-list-info?id=135781700",
            "displayLog": "135781700",
            "img": "http://d.musicapp.migu.cn/ugcdata/playListimg/9d74cd02-94f6-4116-acb5-01c29641924d.jpg",
            "pressedLog": "135781700",
            "resId": "135781700",
            "resType": "2021",
            "style": "",
            "txt": "精选电子丨开启假日的律动狂欢",
            "view": "ZJ-SongList-Item"
          },
          {
            "action": "mgmusic://song-list-info?id=151889326",
            "displayLog": "151889326",
            "img": "http://d.musicapp.migu.cn/ugcdata/playListimg/81c41e07-d09d-41af-ade6-7d84df92436a.jpg",
            "pressedLog": "151889326",
            "resId": "151889326",
            "resType": "2021",
            "style": "",
            "txt": "「世界环境日」蓝天保卫战，我是行动者",
            "view": "ZJ-SongList-Item"
          },
          {
            "action": "mgmusic://song-list-info?id=151944563",
            "displayLog": "151944563",
            "img": "http://d.musicapp.migu.cn/ugcdata/playListimg/d4a58327-7c1e-4ff9-9fec-0eb277263cb6.jpg",
            "pressedLog": "151944563",
            "resId": "151944563",
            "resType": "2021",
            "style": "",
            "txt": "致高考：寒窗磨剑终有成，静待明朝凯旋来",
            "view": "ZJ-SongList-Item"
          },
          {
            "action": "mgmusic://song-list-info?id=141300701",
            "displayLog": "141300701",
            "img": "http://d.musicapp.migu.cn/ugcdata/playListimg/53283ac5-c83b-4c4b-8697-ffc6ec42d162.jpg",
            "pressedLog": "141300701",
            "resId": "141300701",
            "resType": "2021",
            "style": "",
            "txt": "出游必备|带着音乐 即刻出发",
            "view": "ZJ-SongList-Item"
          },
          {
            "action": "mgmusic://song-list-info?id=151942418",
            "displayLog": "151942418",
            "img": "http://d.musicapp.migu.cn/ugcdata/playListimg/0d9dcc30-cb62-4032-b194-5d3ba22a9f89.jpg",
            "pressedLog": "151942418",
            "resId": "151942418",
            "resType": "2021",
            "style": "",
            "txt": "爱眼日|愿你有一双善于发现美的眼睛",
            "view": "ZJ-SongList-Item"
          },
          {
            "action": "mgmusic://song-list-info?id=152040782",
            "displayLog": "152040782",
            "img": "http://218.200.229.178/data2/nfs-data/stable/playlist-service/playListimg/c50c1a3f-8295-47a3-b4b3-a0790e033737.jpg",
            "pressedLog": "152040782",
            "resId": "152040782",
            "resType": "2021",
            "style": "",
            "txt": "【会员专享】一次属于耳朵的文艺旅行2",
            "view": "ZJ-SongList-Item"
          },
          {
            "action": "mgmusic://song-list-info?id=148171731",
            "displayLog": "148171731",
            "img": "http://d.musicapp.migu.cn/ugcdata/playListimg/777f9e95-4a69-44be-be23-0a0b5764df55.jpg",
            "pressedLog": "148171731",
            "resId": "148171731",
            "resType": "2021",
            "style": "",
            "txt": "「大牌发片季」强强联合 热单来袭",
            "view": "ZJ-SongList-Item"
          },
          {
            "action": "mgmusic://song-list-info?id=149532030",
            "displayLog": "149532030",
            "img": "http://d.musicapp.migu.cn/ugcdata/playListimg/e832abd1-5bc9-452c-a0ec-49e56c6a9f14.jpg",
            "pressedLog": "149532030",
            "resId": "149532030",
            "resType": "2021",
            "style": "",
            "txt": "青春住了谁？杨丞琳陪你一起走过的岁月",
            "view": "ZJ-SongList-Item"
          },
          {
            "action": "mgmusic://song-list-info?id=152637318",
            "displayLog": "152637318",
            "img": "http://d.musicapp.migu.cn/ugcdata/playListimg/ddfe7935-c771-4927-be55-61f136745979.jpg",
            "pressedLog": "152637318",
            "resId": "152637318",
            "resType": "2021",
            "style": "",
            "txt": "来自大叔的温柔，让人沉醉",
            "view": "ZJ-SongList-Item"
          },
          {
            "action": "mgmusic://song-list-info?id=152475258",
            "displayLog": "152475258",
            "img": "http://d.musicapp.migu.cn/ugcdata/playListimg/81660e67-ef6e-48cc-9582-06915f2d648c.jpg",
            "pressedLog": "152475258",
            "resId": "152475258",
            "resType": "2021",
            "style": "",
            "txt": "【会员专享】让回忆在思念中开出花朵",
            "view": "ZJ-SongList-Item"
          },
          {
            "action": "mgmusic://song-list-info?id=147915731",
            "displayLog": "147915731",
            "img": "http://d.musicapp.migu.cn/ugcdata/playListimg/9bd208d7-33ff-454c-ae12-048912511efd.jpg",
            "pressedLog": "147915731",
            "resId": "147915731",
            "resType": "2021",
            "style": "",
            "txt": "「影视最强档」猪猪侠回归唤醒你的童年",
            "view": "ZJ-SongList-Item"
          },
          {
            "action": "mgmusic://song-list-info?id=150072372",
            "displayLog": "150072372",
            "img": "http://d.musicapp.migu.cn/ugcdata/playListimg/acf2f619-bcb7-4c9a-bf39-ff2e808909da.jpg",
            "pressedLog": "150072372",
            "resId": "150072372",
            "resType": "2021",
            "style": "",
            "txt": "[超NEW音乐速递]第7期：大咖云集，音浪不停",
            "view": "ZJ-SongList-Item"
          }
        ],
        "view": "ZJ-SongList-Scroll"
      },
      {
        "contents": [
          {
            "displayLog": "1000001625",
            "pressedLog": "1000001625",
            "txt": "NBA",
            "view": "Tag-Item"
          },
          {
            "displayLog": "1003449727",
            "pressedLog": "1003449727",
            "txt": "厂牌",
            "view": "Tag-Item"
          },
          {
            "displayLog": "1000001795",
            "pressedLog": "1000001795",
            "txt": "伤感",
            "view": "Tag-Item"
          },
          {
            "displayLog": "5",
            "pressedLog": "5",
            "txt": "心情",
            "view": "Tag-Item"
          },
          {
            "displayLog": "1000001762",
            "pressedLog": "1000001762",
            "txt": "国语",
            "view": "Tag-Item"
          },
          {
            "displayLog": "1000001672",
            "pressedLog": "1000001672",
            "txt": "流行",
            "view": "Tag-Item"
          },
          {
            "displayLog": "1001076078",
            "pressedLog": "1001076078",
            "txt": "电视剧",
            "view": "Tag-Item"
          }
        ],
        "view": "ZJ-Tag-Scroll"
      },
      {
        "contents": [
          {
            "action": "http://axure.prd.fun/IG323Z/#g=1&p=%E9%9F%B3%E4%B9%90%E9%A6%96%E9%A1%B5%E5%AE%8C%E6%95%B4",
            "displayLog": "27736966",
            "img": "",
            "pressedLog": "27736966",
            "txt": "新歌速递",
            "view": "ZJ-Title-PlayAll"
          }
        ],
        "view": "ZJ-Title-PlayAll"
      },
      {
        "contents": [
          {
            "action": "mgmusic://play?type=song",
            "displayLog": "27693650",
            "img": "http://d.musicapp.migu.cn/prod/file-service/file-down/bcb5ddaf77828caee4eddc172edaa105/82dcedbd32b568994282d1f2483a0412/3103f4025d4535d707b8f99ec7f26488",
            "pressedLog": "27693650",
            "qualities": [
              "lq",
              "pq",
              "hq",
              "isq",
              "asq",
              "izq24",
              "azq24",
              "iz3d",
              "az3d"
            ],
            "style": "",
            "txt": "全测试数据529",
            "txt2": "1",
            "txt3": "单曲发行",
            "view": "ZJ-Song-Item",
            "vip": ""
          },
          {
            "action": "mgmusic://play?type=song",
            "displayLog": "27659413",
            "img": "http://d.musicapp.migu.cn/prod/file-service/file-down/bcb5ddaf77828caee4eddc172edaa105/82dcedbd32b568994282d1f2483a0412/3103f4025d4535d707b8f99ec7f26488",
            "pressedLog": "27659413",
            "qualities": [
              "pq",
              "hq",
              "isq",
              "asq",
              "izq32",
              "azq32"
            ],
            "style": "",
            "txt": "无损2",
            "txt2": "3 2",
            "txt3": "单曲发行",
            "view": "ZJ-Song-Item",
            "vip": ""
          },
          {
            "action": "mgmusic://play?type=song",
            "displayLog": "21192404",
            "img": "https://d.musicapp.migu.cn/prod/file-service/file-down/b1899d500dda5db2da11df3efc89cba6/703b6d74a692216f84d2a8c37e00e7c4/07d9e2673a1e53fd0581b9352a8af96f",
            "pressedLog": "21192404",
            "qualities": [
              "lq",
              "pq",
              "hq",
              "iz3d",
              "az3d"
            ],
            "style": "",
            "txt": "Terminator Tangle(电影《终结者3》背景音乐)",
            "txt2": "Hollywood Film Chorale|Hollywood Studio Symphony|Marco Beltrami|Pete Anthony",
            "txt3": "《终结者3》电影原声",
            "view": "ZJ-Song-Item",
            "vip": ""
          },
          {
            "action": "mgmusic://play?type=song",
            "displayLog": "27697661",
            "img": "http://d.musicapp.migu.cn/prod/file-service/file-down/bcb5ddaf77828caee4eddc172edaa105/82dcedbd32b568994282d1f2483a0412/3103f4025d4535d707b8f99ec7f26488",
            "pressedLog": "27697661",
            "qualities": [
              "lq",
              "pq",
              "hq",
              "isq",
              "asq",
              "izq24",
              "azq24",
              "iz3d",
              "az3d"
            ],
            "style": "",
            "txt": "全测试数据529",
            "txt2": "2",
            "txt3": "单曲发行",
            "view": "ZJ-Song-Item",
            "vip": ""
          },
          {
            "action": "mgmusic://play?type=song",
            "displayLog": "27400259",
            "img": "http://d.musicapp.migu.cn/prod/file-service/file-down/bcb5ddaf77828caee4eddc172edaa105/82dcedbd32b568994282d1f2483a0412/3103f4025d4535d707b8f99ec7f26488",
            "pressedLog": "27400259",
            "qualities": [
              "pq",
              "hq",
              "isq",
              "asq"
            ],
            "style": "",
            "txt": "测试24bit",
            "txt2": "Android|I O S",
            "txt3": "单曲发行",
            "view": "ZJ-Song-Item",
            "vip": ""
          },
          {
            "action": "mgmusic://play?type=song",
            "displayLog": "27400415",
            "img": "http://d.musicapp.migu.cn/prod/file-service/file-down/bcb5ddaf77828caee4eddc172edaa105/82dcedbd32b568994282d1f2483a0412/3103f4025d4535d707b8f99ec7f26488",
            "pressedLog": "27400415",
            "qualities": [
              "pq",
              "hq",
              "isq",
              "asq",
              "izq24",
              "azq24"
            ],
            "style": "",
            "txt": "测试24bit",
            "txt2": "11",
            "txt3": "单曲发行",
            "view": "ZJ-Song-Item",
            "vip": ""
          },
          {
            "action": "mgmusic://play?type=song",
            "displayLog": "27239229",
            "img": "https://d.musicapp.migu.cn/prod/file-service/file-down/b1899d500dda5db2da11df3efc89cba6/c601f6b38433ceb35fbe17a070e976c5/cb9184ba590f622a8c484fa372db2768",
            "pressedLog": "27239229",
            "qualities": [
              "lq",
              "pq",
              "hq",
              "isq",
              "asq"
            ],
            "style": "",
            "txt": "I Know There's an Answer",
            "txt2": "The Beach Boys",
            "txt3": "The Pet Sounds Sessions",
            "view": "ZJ-Song-Item",
            "vip": ""
          },
          {
            "action": "mgmusic://play?type=song",
            "displayLog": "25272766",
            "img": "http://218.200.229.178/data2/nfs-data/stable/file-service/file-down/378398ce3fe0bc0f5803a7b2f2f274db/af7464b5cdba4a3e404d8188c938006e/dddb3257c67b42882b149b9a5425afe4",
            "pressedLog": "25272766",
            "qualities": [
              "pq",
              "hq",
              "isq",
              "asq"
            ],
            "style": "",
            "txt": "测试",
            "txt2": "测试",
            "txt3": "单曲发行",
            "view": "ZJ-Song-Item",
            "vip": ""
          }
        ],
        "view": "ZJ-Song-Scroll"
      },
      {
        "contents": [
          {
            "action": "http://axure.prd.fun/IG323Z/#g=1&p=%E9%9F%B3%E4%B9%90%E9%A6%96%E9%A1%B5%E5%AE%8C%E6%95%B4",
            "displayLog": "27737010",
            "pressedLog": "27737010",
            "txt": "新碟上架",
            "txt2": "更多",
            "view": "ZJ-Title"
          }
        ],
        "view": "ZJ-Title"
      },
      {
        "contents": [
          {
            "displayLog": "600927015009003349",
            "pressedLog": "600927015009003349",
            "resType": "4003",
            "txt": "521销售截止时间1",
            "txt2": "叶子",
            "view": "ZJ-Album-Item"
          },
          {
            "displayLog": "600927015009003345",
            "pressedLog": "600927015009003345",
            "resType": "4003",
            "txt": "77",
            "txt2": "测试歌手|Navigate",
            "view": "ZJ-Album-Item"
          },
          {
            "displayLog": "600927015009000047",
            "pressedLog": "600927015009000047",
            "resType": "4003",
            "txt": "《夏日柠檬船》",
            "txt2": "SNH48",
            "view": "ZJ-Album-Item"
          },
          {
            "displayLog": "1115637473",
            "img": "https://d.musicapp.migu.cn/prod/file-service/file-down/b1899d500dda5db2da11df3efc89cba6/2af399089d851b5bb570daa5a5fa1788/5171ad94e445707edb76a9ec65af0b63",
            "pressedLog": "1115637473",
            "resType": "4003",
            "txt": "希游记-藏金版",
            "txt2": "孙盛希",
            "view": "ZJ-Album-Item"
          },
          {
            "displayLog": "1115643488",
            "img": "http://d.musicapp.migu.cn/prod/file-service/file-down/bcb5ddaf77828caee4eddc172edaa105/82dcedbd32b568994282d1f2483a0412/3103f4025d4535d707b8f99ec7f26488",
            "pressedLog": "1115643488",
            "resType": "4003",
            "txt": "Happiness Begins",
            "txt2": "Jonas Brothers",
            "view": "ZJ-Album-Item"
          },
          {
            "displayLog": "1115660062",
            "img": "http://d.musicapp.migu.cn/prod/file-service/file-down/bcb5ddaf77828caee4eddc172edaa105/82dcedbd32b568994282d1f2483a0412/3103f4025d4535d707b8f99ec7f26488",
            "pressedLog": "1115660062",
            "resType": "4003",
            "txt": "music is BLUE",
            "txt2": "黄子韬",
            "view": "ZJ-Album-Item"
          }
        ],
        "view": "ZJ-Album-Scroll"
      },
      {
        "contents": [
          {
            "contents": [
              {
                "action": "http://axure.prd.fun/IG323Z/#g=1&p=%E9%9F%B3%E4%B9%90%E9%A6%96%E9%A1%B5%E5%AE%8C%E6%95%B4",
                "displayLog": "27769558",
                "img": "",
                "pressedLog": "27769558",
                "txt": "你可能喜欢",
                "view": "ZJ-Title-PlayAll"
              }
            ],
            "view": "ZJ-Title-PlayAll"
          },
          {
            "contents": [
              {
                "action": "mgmusic://play?type=song",
                "displayLog": "27693650",
                "img": "http://d.musicapp.migu.cn/prod/file-service/file-down/bcb5ddaf77828caee4eddc172edaa105/82dcedbd32b568994282d1f2483a0412/3103f4025d4535d707b8f99ec7f26488",
                "pressedLog": "27693650",
                "qualities": [
                  "lq",
                  "pq",
                  "hq",
                  "isq",
                  "asq",
                  "izq24",
                  "azq24",
                  "iz3d",
                  "az3d"
                ],
                "style": "",
                "txt": "全测试数据529",
                "txt2": "1",
                "txt3": "单曲发行",
                "view": "ZJ-Song-Item",
                "vip": ""
              },
              {
                "action": "mgmusic://play?type=song",
                "displayLog": "27659413",
                "img": "http://d.musicapp.migu.cn/prod/file-service/file-down/bcb5ddaf77828caee4eddc172edaa105/82dcedbd32b568994282d1f2483a0412/3103f4025d4535d707b8f99ec7f26488",
                "pressedLog": "27659413",
                "qualities": [
                  "pq",
                  "hq",
                  "isq",
                  "asq",
                  "izq32",
                  "azq32"
                ],
                "style": "",
                "txt": "无损2",
                "txt2": "3 2",
                "txt3": "单曲发行",
                "view": "ZJ-Song-Item",
                "vip": ""
              },
              {
                "action": "mgmusic://play?type=song",
                "displayLog": "21192404",
                "img": "https://d.musicapp.migu.cn/prod/file-service/file-down/b1899d500dda5db2da11df3efc89cba6/703b6d74a692216f84d2a8c37e00e7c4/07d9e2673a1e53fd0581b9352a8af96f",
                "pressedLog": "21192404",
                "qualities": [
                  "lq",
                  "pq",
                  "hq",
                  "iz3d",
                  "az3d"
                ],
                "style": "",
                "txt": "Terminator Tangle(电影《终结者3》背景音乐)",
                "txt2": "Hollywood Film Chorale|Hollywood Studio Symphony|Marco Beltrami|Pete Anthony",
                "txt3": "《终结者3》电影原声",
                "view": "ZJ-Song-Item",
                "vip": ""
              },
              {
                "action": "mgmusic://play?type=song",
                "displayLog": "27697661",
                "img": "http://d.musicapp.migu.cn/prod/file-service/file-down/bcb5ddaf77828caee4eddc172edaa105/82dcedbd32b568994282d1f2483a0412/3103f4025d4535d707b8f99ec7f26488",
                "pressedLog": "27697661",
                "qualities": [
                  "lq",
                  "pq",
                  "hq",
                  "isq",
                  "asq",
                  "izq24",
                  "azq24",
                  "iz3d",
                  "az3d"
                ],
                "style": "",
                "txt": "全测试数据529",
                "txt2": "2",
                "txt3": "单曲发行",
                "view": "ZJ-Song-Item",
                "vip": ""
              },
              {
                "action": "mgmusic://play?type=song",
                "displayLog": "27400259",
                "img": "http://d.musicapp.migu.cn/prod/file-service/file-down/bcb5ddaf77828caee4eddc172edaa105/82dcedbd32b568994282d1f2483a0412/3103f4025d4535d707b8f99ec7f26488",
                "pressedLog": "27400259",
                "qualities": [
                  "pq",
                  "hq",
                  "isq",
                  "asq"
                ],
                "style": "",
                "txt": "测试24bit",
                "txt2": "Android|I O S",
                "txt3": "单曲发行",
                "view": "ZJ-Song-Item",
                "vip": ""
              },
              {
                "action": "mgmusic://play?type=song",
                "displayLog": "27400415",
                "img": "http://d.musicapp.migu.cn/prod/file-service/file-down/bcb5ddaf77828caee4eddc172edaa105/82dcedbd32b568994282d1f2483a0412/3103f4025d4535d707b8f99ec7f26488",
                "pressedLog": "27400415",
                "qualities": [
                  "pq",
                  "hq",
                  "isq",
                  "asq",
                  "izq24",
                  "azq24"
                ],
                "style": "",
                "txt": "测试24bit",
                "txt2": "11",
                "txt3": "单曲发行",
                "view": "ZJ-Song-Item",
                "vip": ""
              },
              {
                "action": "mgmusic://play?type=song",
                "displayLog": "27239229",
                "img": "https://d.musicapp.migu.cn/prod/file-service/file-down/b1899d500dda5db2da11df3efc89cba6/c601f6b38433ceb35fbe17a070e976c5/cb9184ba590f622a8c484fa372db2768",
                "pressedLog": "27239229",
                "qualities": [
                  "lq",
                  "pq",
                  "hq",
                  "isq",
                  "asq"
                ],
                "style": "",
                "txt": "I Know There's an Answer",
                "txt2": "The Beach Boys",
                "txt3": "The Pet Sounds Sessions",
                "view": "ZJ-Song-Item",
                "vip": ""
              },
              {
                "action": "mgmusic://play?type=song",
                "displayLog": "25272766",
                "img": "http://218.200.229.178/data2/nfs-data/stable/file-service/file-down/378398ce3fe0bc0f5803a7b2f2f274db/af7464b5cdba4a3e404d8188c938006e/dddb3257c67b42882b149b9a5425afe4",
                "pressedLog": "25272766",
                "qualities": [
                  "pq",
                  "hq",
                  "isq",
                  "asq"
                ],
                "style": "",
                "txt": "测试",
                "txt2": "测试",
                "txt3": "单曲发行",
                "view": "ZJ-Song-Item",
                "vip": ""
              },
              {
                "action": "mgmusic://play?type=song",
                "displayLog": "26091449",
                "img": "https://d.musicapp.migu.cn/prod/file-service/file-down/b1899d500dda5db2da11df3efc89cba6/ba28d2777a94003a6a73328c5190fae3/0655ca2f0ce861efa0c75f6010329e08",
                "pressedLog": "26091449",
                "qualities": [
                  "lq",
                  "pq",
                  "hq",
                  "isq",
                  "asq"
                ],
                "style": "",
                "txt": "我没有如果(电影《绝杀慕尼黑》推广曲)",
                "txt2": "张远",
                "txt3": "我没有如果",
                "view": "ZJ-Song-Item",
                "vip": "1"
              }
            ],
            "view": "ZJ-Song-Scroll"
          }
        ],
        "view": "ZJ-Rec-Song-Compound"
      },
      {
        "contents": [
          {
            "action": "http://axure.prd.fun/IG323Z/#g=1&p=%E9%9F%B3%E4%B9%90%E9%A6%96%E9%A1%B5%E5%AE%8C%E6%95%B4",
            "displayLog": "27736959",
            "pressedLog": "27736959",
            "txt": "精彩专区",
            "txt2": "更多",
            "view": "ZJ-Title"
          }
        ],
        "view": "ZJ-Title"
      },
      {
        "contents": [
          {
            "action": "mgmusic://mg-product-audio?id=26081250&showType=3",
            "displayLog": "26081250",
            "img": "",
            "pressedLog": "26081250",
            "txt": "第24周：黄龄，玩转多面音乐，既是转音歌姬也是浴室歌手",
            "txt2": "咪咕乐·榜",
            "view": "ZJ-Zone-Item"
          },
          {
            "action": "mgmusic://browser?url=http%3A%2F%2Fh5.nf.migu.cn%2Fapp%2Fv3%2Ft%2Fgm%2Findex.html%3Fid%3D26043195",
            "displayLog": "22106957",
            "img": "",
            "pressedLog": "22106957",
            "txt": "盘尼西林乐队 诗意荷尔蒙",
            "txt2": "原点Vol.68",
            "view": "ZJ-Zone-Item"
          },
          {
            "action": "mgmusic://browser?url=http%3A%2F%2Fh5.nf.migu.cn%2Fapp%2Fv2%2Fzt%2F2017%2Fmusic-interview%2Findex.html%3Fid%3D26014279",
            "displayLog": "26014279",
            "img": "",
            "pressedLog": "26014279",
            "txt": "F.I.R.飞儿乐团：挑战新歌清唱，团员默契满分",
            "txt2": "乐访Vol.139",
            "view": "ZJ-Zone-Item"
          },
          {
            "action": "mgmusic://browser?url=http%3A%2F%2Fh5.nf.migu.cn%2Fapp%2Fv3%2Ft%2Fgm%2Findex.html%3Fid%3D26051099",
            "displayLog": "26053761",
            "img": "",
            "pressedLog": "26053761",
            "txt": "傻子與白痴乐队：维泽回忆青涩创作 团员互怼温暖日常",
            "txt2": "乐访Vol.140",
            "view": "ZJ-Zone-Item"
          },
          {
            "action": "mgmusic://mg-product-audio?id=26033315&showType=3",
            "displayLog": "26033315",
            "img": "",
            "pressedLog": "26033315",
            "txt": "第23周：爆红歌单缔造者 来听潘悦晨《心如止水》",
            "txt2": "咪咕乐·榜Vol.23",
            "view": "ZJ-Zone-Item"
          },
          {
            "action": "mgmusic://browser?url=http%3A%2F%2Fh5.nf.migu.cn%2Fapp%2Fv3%2Ft%2Fgm%2Findex.html%3Fid%3D26027955",
            "displayLog": "26028926",
            "img": "",
            "pressedLog": "26028926",
            "txt": "《嘻哈帝国》看剧还是听歌？小孩子才做选择题",
            "txt2": "咪咕音乐π",
            "view": "ZJ-Zone-Item"
          }
        ],
        "view": "ZJ-Zone-Scroll"
      },
      {
        "contents": [
          {
            "contents": [
              {
                "action": "http://axure.prd.fun/IG323Z/#g=1&p=%E9%9F%B3%E4%B9%90%E9%A6%96%E9%A1%B5%E5%AE%8C%E6%95%B4",
                "displayLog": "27756791",
                "img": "",
                "pressedLog": "27756791",
                "txt": "原创榜",
                "view": "ZJ-Title-PlayAll"
              }
            ],
            "view": "ZJ-Title-PlayAll"
          },
          {
            "contents": [
              {
                "action": "mgmusic://play?type=song",
                "displayLog": "25440052",
                "img": "https://d.musicapp.migu.cn/prod/file-service/file-down/b1899d500dda5db2da11df3efc89cba6/301ac227b47a3b83826b139aefbdb700/79aa5939020a366dcc249b8d73613cf4",
                "pressedLog": "25440052",
                "qualities": [
                  "lq",
                  "pq",
                  "hq",
                  "isq",
                  "asq"
                ],
                "style": "",
                "txt": "万爱千恩",
                "txt2": "王琪",
                "txt3": "万爱千恩",
                "view": "ZJ-Song-Item",
                "vip": ""
              },
              {
                "action": "mgmusic://play?type=song",
                "displayLog": "26065792",
                "img": "https://d.musicapp.migu.cn/prod/file-service/file-down/b1899d500dda5db2da11df3efc89cba6/920a34ba057356073a5cdaa5a3526494/b3be7557dc6be28efd676ac19aafafad",
                "pressedLog": "26065792",
                "qualities": [
                  "lq",
                  "pq",
                  "hq"
                ],
                "style": "",
                "txt": "赢在江湖（抖音版）",
                "txt2": "朱习爱",
                "txt3": "赢在江湖（抖音版）",
                "view": "ZJ-Song-Item",
                "vip": ""
              },
              {
                "action": "mgmusic://play?type=song",
                "displayLog": "25501172",
                "img": "https://d.musicapp.migu.cn/prod/file-service/file-down/b1899d500dda5db2da11df3efc89cba6/4cd9f490d9edf6789b504a141c703b7d/81f0cd42cccdcd4f361ccc7dd0b15912",
                "pressedLog": "25501172",
                "qualities": [
                  "lq",
                  "pq",
                  "hq",
                  "isq",
                  "asq"
                ],
                "style": "",
                "txt": "归去来兮\t",
                "txt2": "花粥",
                "txt3": "一碗",
                "view": "ZJ-Song-Item",
                "vip": ""
              },
              {
                "action": "mgmusic://play?type=song",
                "displayLog": "25945709",
                "img": "https://d.musicapp.migu.cn/prod/file-service/file-down/b1899d500dda5db2da11df3efc89cba6/f5c3523e235bcd994fa5bcab19771dbb/b01e097ada7d0c4ba998bd3f590dc0a8",
                "pressedLog": "25945709",
                "qualities": [
                  "lq",
                  "pq",
                  "hq",
                  "isq",
                  "asq"
                ],
                "style": "",
                "txt": "耿(电影《最好的我们》毕业季主题曲)",
                "txt2": "汪苏泷",
                "txt3": "耿",
                "view": "ZJ-Song-Item",
                "vip": ""
              }
            ],
            "view": "ZJ-Song-Scroll"
          },
          {
            "contents": [
              {
                "action": "http://axure.prd.fun/IG323Z/#g=1&p=%E9%9F%B3%E4%B9%90%E9%A6%96%E9%A1%B5%E5%AE%8C%E6%95%B4",
                "displayLog": "27756752",
                "img": "",
                "pressedLog": "27756752",
                "txt": "热歌榜",
                "view": "ZJ-Title-PlayAll"
              }
            ],
            "view": "ZJ-Title-PlayAll"
          },
          {
            "contents": [
              {
                "action": "mgmusic://play?type=song",
                "displayLog": "27226962",
                "img": "https://d.musicapp.migu.cn/prod/file-service/file-down/b1899d500dda5db2da11df3efc89cba6/029901f8f543ec0933026ff172c2165f/a1e4d1841b8333cea3019a08567900a2",
                "pressedLog": "27226962",
                "qualities": [
                  "lq",
                  "pq",
                  "hq",
                  "isq",
                  "asq"
                ],
                "style": "",
                "txt": "青花瓷(2008央视春晚)",
                "txt2": "周杰伦",
                "txt3": "2008年中央电视台春节联欢晚会",
                "view": "ZJ-Song-Item",
                "vip": ""
              },
              {
                "action": "mgmusic://play?type=song",
                "displayLog": "40415",
                "img": "https://d.musicapp.migu.cn/prod/file-service/file-down/b1899d500dda5db2da11df3efc89cba6/c601f6b38433ceb35fbe17a070e976c5/bb5e5807f901eb959c2d709f92c9e7e4",
                "pressedLog": "40415",
                "qualities": [
                  "lq",
                  "pq",
                  "hq",
                  "isq",
                  "asq"
                ],
                "style": "",
                "txt": "退后",
                "txt2": "周杰伦",
                "txt3": "依然范特西",
                "view": "ZJ-Song-Item",
                "vip": ""
              },
              {
                "action": "mgmusic://play?type=song",
                "displayLog": "436677",
                "img": "https://d.musicapp.migu.cn/prod/file-service/file-down/b1899d500dda5db2da11df3efc89cba6/c601f6b38433ceb35fbe17a070e976c5/7c1409e39b397b1cd50bc35f92720f4a",
                "pressedLog": "436677",
                "qualities": [
                  "lq",
                  "pq",
                  "hq",
                  "isq",
                  "asq"
                ],
                "style": "",
                "txt": "龙战骑士",
                "txt2": "周杰伦",
                "txt3": "魔杰座",
                "view": "ZJ-Song-Item",
                "vip": ""
              },
              {
                "action": "mgmusic://play?type=song",
                "displayLog": "291811",
                "img": "https://d.musicapp.migu.cn/prod/file-service/file-down/b1899d500dda5db2da11df3efc89cba6/c601f6b38433ceb35fbe17a070e976c5/abcd866a6a61227c6a086a6a5e09905c",
                "pressedLog": "291811",
                "qualities": [
                  "lq",
                  "pq",
                  "hq",
                  "isq",
                  "asq"
                ],
                "style": "",
                "txt": "雨下一整晚",
                "txt2": "周杰伦",
                "txt3": "跨时代",
                "view": "ZJ-Song-Item",
                "vip": ""
              }
            ],
            "view": "ZJ-Song-Scroll"
          },
          {
            "contents": [
              {
                "action": "http://axure.prd.fun/IG323Z/#g=1&p=%E9%9F%B3%E4%B9%90%E9%A6%96%E9%A1%B5%E5%AE%8C%E6%95%B4",
                "displayLog": "27756803",
                "img": "",
                "pressedLog": "27756803",
                "txt": "新歌榜",
                "view": "ZJ-Title-PlayAll"
              }
            ],
            "view": "ZJ-Title-PlayAll"
          },
          {
            "contents": [
              {
                "action": "mgmusic://play?type=song",
                "displayLog": "25990375",
                "img": "https://d.musicapp.migu.cn/prod/file-service/file-down/b1899d500dda5db2da11df3efc89cba6/7a1e62d59d0c56b3c5fb76a2a8dbfd8d/fadcc65cdc45e7756cd6410fb1b63312",
                "pressedLog": "25990375",
                "qualities": [
                  "lq",
                  "pq",
                  "hq",
                  "isq",
                  "asq"
                ],
                "style": "",
                "txt": "叮咛\t",
                "txt2": "罗大佑",
                "txt3": "叮咛",
                "view": "ZJ-Song-Item",
                "vip": ""
              },
              {
                "action": "mgmusic://play?type=song",
                "displayLog": "25949908",
                "img": "https://d.musicapp.migu.cn/prod/file-service/file-down/b1899d500dda5db2da11df3efc89cba6/5526051dd6bad8698a4749c6cb3ad7f4/e10f91ea55ae7c8555f515d77a711309",
                "pressedLog": "25949908",
                "qualities": [
                  "lq",
                  "pq",
                  "hq",
                  "isq",
                  "asq"
                ],
                "style": "",
                "txt": "83721(电视剧《我们都要好好的》爱情密码剧终曲)",
                "txt2": "郭静",
                "txt3": "83721",
                "view": "ZJ-Song-Item",
                "vip": ""
              },
              {
                "action": "mgmusic://play?type=song",
                "displayLog": "25831163",
                "img": "https://d.musicapp.migu.cn/prod/file-service/file-down/b1899d500dda5db2da11df3efc89cba6/4521cabb1329749fbc9be166fab84eee/3dabed1c16b2ca3b42a9fc329633222d",
                "pressedLog": "25831163",
                "qualities": [
                  "lq",
                  "pq",
                  "hq",
                  "isq",
                  "asq"
                ],
                "style": "",
                "txt": "后来的我们(Life Live)",
                "txt2": "五月天",
                "txt3": "五月天 人生无限公司 Life Live 完整收录篇",
                "view": "ZJ-Song-Item",
                "vip": ""
              },
              {
                "action": "mgmusic://play?type=song",
                "displayLog": "25831157",
                "img": "https://d.musicapp.migu.cn/prod/file-service/file-down/b1899d500dda5db2da11df3efc89cba6/4521cabb1329749fbc9be166fab84eee/3dabed1c16b2ca3b42a9fc329633222d",
                "pressedLog": "25831157",
                "qualities": [
                  "lq",
                  "pq",
                  "hq",
                  "isq",
                  "asq"
                ],
                "style": "",
                "txt": "派对动物(Life Live)",
                "txt2": "五月天",
                "txt3": "五月天 人生无限公司 Life Live 完整收录篇",
                "view": "ZJ-Song-Item",
                "vip": ""
              }
            ],
            "view": "ZJ-Song-Scroll"
          }
        ],
        "view": "ZJ-Rank-Compound"
      }
    ],
    "header": {
      "title": "弼马温-音乐首页测试"
    }
  }
}