{
  "v": "5.2.1",
  "fr": 25,
  "ip": 0,
  "op": 72,
  "w": 90,
  "h": 90,
  "nm": "music_3d_on",
  "ddd": 0,
  "assets": [
    {
      "id": "image_0",
      "w": 60,
      "h": 60,
      "u": "images/",
      "p": "music_icon_3d_on.png",
      "e": 0
    }
  ],
  "layers": [
    {
      "ddd": 0,
      "ind": 1,
      "ty": 2,
      "nm": "music_icon_3d_on.png",
      "cl": "png",
      "refId": "image_0",
      "sr": 1,
      "ks": {
        "o": {
          "a": 1,
          "k": [
            {
              "i": {
                "x": [
                  0.833
                ],
                "y": [
                  0.833
                ]
              },
              "o": {
                "x": [
                  0.167
                ],
                "y": [
                  0.167
                ]
              },
              "n": [
                "0p833_0p833_0p167_0p167"
              ],
              "t": -5,
              "s": [
                0
              ],
              "e": [
                100
              ]
            },
            {
              "i": {
                "x": [
                  0.833
                ],
                "y": [
                  0.833
                ]
              },
              "o": {
                "x": [
                  0.167
                ],
                "y": [
                  0.167
                ]
              },
              "n": [
                "0p833_0p833_0p167_0p167"
              ],
              "t": 0,
              "s": [
                100
              ],
              "e": [
                100
              ]
            },
            {
              "i": {
                "x": [
                  0.833
                ],
                "y": [
                  0.833
                ]
              },
              "o": {
                "x": [
                  0.167
                ],
                "y": [
                  0.167
                ]
              },
              "n": [
                "0p833_0p833_0p167_0p167"
              ],
              "t": 127,
              "s": [
                100
              ],
              "e": [
                0
              ]
            },
            {
              "t": 132
            }
          ],
          "ix": 11
        },
        "r": {
          "a": 0,
          "k": 0,
          "ix": 10
        },
        "p": {
          "a": 0,
          "k": [
            45,
            45,
            0
          ],
          "ix": 2
        },
        "a": {
          "a": 0,
          "k": [
            30,
            30,
            0
          ],
          "ix": 1
        },
        "s": {
          "a": 0,
          "k": [
            100,
            100,
            100
          ],
          "ix": 6
        }
      },
      "ao": 0,
      "ip": 0,
      "op": 72,
      "st": -380,
      "bm": 0
    },
    {
      "ddd": 0,
      "ind": 2,
      "ty": 4,
      "nm": "气泡1",
      "sr": 1,
      "ks": {
        "o": {
          "a": 1,
          "k": [
            {
              "i": {
                "x": [
                  0.833
                ],
                "y": [
                  0.833
                ]
              },
              "o": {
                "x": [
                  0.167
                ],
                "y": [
                  0.167
                ]
              },
              "n": [
                "0p833_0p833_0p167_0p167"
              ],
              "t": 41,
              "s": [
                0
              ],
              "e": [
                50
              ]
            },
            {
              "t": 47
            }
          ],
          "ix": 11
        },
        "r": {
          "a": 0,
          "k": 0,
          "ix": 10
        },
        "p": {
          "a": 1,
          "k": [
            {
              "i": {
                "x": 0.667,
                "y": 1
              },
              "o": {
                "x": 0.333,
                "y": 0
              },
              "n": "0p667_1_0p333_0",
              "t": 41,
              "s": [
                73.375,
                37.672,
                0
              ],
              "e": [
                73.97,
                16.122,
                0
              ],
              "to": [
                0.09909506887197,
                -3.59160780906677,
                0
              ],
              "ti": [
                -2.15117835998535,
                5.79994106292725,
                0
              ]
            },
            {
              "i": {
                "x": 0.667,
                "y": 1
              },
              "o": {
                "x": 0.333,
                "y": 0
              },
              "n": "0p667_1_0p333_0",
              "t": 56,
              "s": [
                73.97,
                16.122,
                0
              ],
              "e": [
                86.282,
                2.872,
                0
              ],
              "to": [
                2.15117835998535,
                -5.79994106292725,
                0
              ],
              "ti": [
                -3.26041674613953,
                1.66666662693024,
                0
              ]
            },
            {
              "t": 71
            }
          ],
          "ix": 2
        },
        "a": {
          "a": 0,
          "k": [
            456.375,
            -655.625,
            0
          ],
          "ix": 1
        },
        "s": {
          "a": 1,
          "k": [
            {
              "i": {
                "x": [
                  0.667,
                  0.667,
                  0.667
                ],
                "y": [
                  1,
                  1,
                  1
                ]
              },
              "o": {
                "x": [
                  0.333,
                  0.333,
                  0.333
                ],
                "y": [
                  0,
                  0,
                  0
                ]
              },
              "n": [
                "0p667_1_0p333_0",
                "0p667_1_0p333_0",
                "0p667_1_0p333_0"
              ],
              "t": 41,
              "s": [
                90,
                90,
                100
              ],
              "e": [
                0,
                0,
                100
              ]
            },
            {
              "t": 71
            }
          ],
          "ix": 6
        }
      },
      "ao": 0,
      "shapes": [
        {
          "ty": "gr",
          "it": [
            {
              "d": 1,
              "ty": "el",
              "s": {
                "a": 0,
                "k": [
                  13,
                  13
                ],
                "ix": 2
              },
              "p": {
                "a": 0,
                "k": [
                  0,
                  0
                ],
                "ix": 3
              },
              "nm": "椭圆路径 1",
              "mn": "ADBE Vector Shape - Ellipse",
              "hd": false
            },
            {
              "ty": "gf",
              "o": {
                "a": 0,
                "k": 100,
                "ix": 10
              },
              "r": 1,
              "g": {
                "p": 2,
                "k": {
                  "a": 0,
                  "k": [
                    0,
                    1,
                    1,
                    1,
                    1,
                    0,
                    0,
                    0
                  ],
                  "ix": 9
                }
              },
              "s": {
                "a": 0,
                "k": [
                  -3.465,
                  4.168
                ],
                "ix": 5
              },
              "e": {
                "a": 0,
                "k": [
                  3.638,
                  -4.253
                ],
                "ix": 6
              },
              "t": 1,
              "nm": "渐变填充 1",
              "mn": "ADBE Vector Graphic - G-Fill",
              "hd": false
            },
            {
              "ty": "st",
              "c": {
                "a": 0,
                "k": [
                  1,
                  1,
                  1,
                  1
                ],
                "ix": 3
              },
              "o": {
                "a": 0,
                "k": 100,
                "ix": 4
              },
              "w": {
                "a": 0,
                "k": 0,
                "ix": 5
              },
              "lc": 1,
              "lj": 1,
              "ml": 4,
              "ml2": {
                "a": 0,
                "k": 4,
                "ix": 8
              },
              "nm": "描边 1",
              "mn": "ADBE Vector Graphic - Stroke",
              "hd": false
            },
            {
              "ty": "fl",
              "c": {
                "a": 0,
                "k": [
                  1,
                  0,
                  0,
                  1
                ],
                "ix": 4
              },
              "o": {
                "a": 0,
                "k": 0,
                "ix": 5
              },
              "r": 1,
              "nm": "填充 1",
              "mn": "ADBE Vector Graphic - Fill",
              "hd": false
            },
            {
              "ty": "tr",
              "p": {
                "a": 0,
                "k": [
                  456.375,
                  -655.625
                ],
                "ix": 2
              },
              "a": {
                "a": 0,
                "k": [
                  0,
                  0
                ],
                "ix": 1
              },
              "s": {
                "a": 0,
                "k": [
                  100,
                  100
                ],
                "ix": 3
              },
              "r": {
                "a": 0,
                "k": 0,
                "ix": 6
              },
              "o": {
                "a": 0,
                "k": 100,
                "ix": 7
              },
              "sk": {
                "a": 0,
                "k": 0,
                "ix": 4
              },
              "sa": {
                "a": 0,
                "k": 0,
                "ix": 5
              },
              "nm": "变换"
            }
          ],
          "nm": "椭圆 1",
          "np": 4,
          "cix": 2,
          "ix": 1,
          "mn": "ADBE Vector Group",
          "hd": false
        }
      ],
      "ip": 0,
      "op": 72,
      "st": -85,
      "bm": 0
    },
    {
      "ddd": 0,
      "ind": 3,
      "ty": 4,
      "nm": "气泡2",
      "sr": 1,
      "ks": {
        "o": {
          "a": 1,
          "k": [
            {
              "i": {
                "x": [
                  0.833
                ],
                "y": [
                  0.833
                ]
              },
              "o": {
                "x": [
                  0.167
                ],
                "y": [
                  0.167
                ]
              },
              "n": [
                "0p833_0p833_0p167_0p167"
              ],
              "t": 16,
              "s": [
                0
              ],
              "e": [
                50
              ]
            },
            {
              "t": 21
            }
          ],
          "ix": 11
        },
        "r": {
          "a": 0,
          "k": 0,
          "ix": 10
        },
        "p": {
          "a": 1,
          "k": [
            {
              "i": {
                "x": 0.667,
                "y": 1
              },
              "o": {
                "x": 0.333,
                "y": 0
              },
              "n": "0p667_1_0p333_0",
              "t": 16,
              "s": [
                62.18,
                64.047,
                0
              ],
              "e": [
                77.641,
                67.559,
                0
              ],
              "to": [
                7.53521251678467,
                -0.70632833242416,
                0
              ],
              "ti": [
                -3.38672256469727,
                -3.70833730697632,
                0
              ]
            },
            {
              "i": {
                "x": 0.667,
                "y": 1
              },
              "o": {
                "x": 0.333,
                "y": 0
              },
              "n": "0p667_1_0p333_0",
              "t": 28,
              "s": [
                77.641,
                67.559,
                0
              ],
              "e": [
                82.5,
                86.297,
                0
              ],
              "to": [
                3.38672256469727,
                3.70833730697632,
                0
              ],
              "ti": [
                0.89848971366882,
                -4.91466569900513,
                0
              ]
            },
            {
              "t": 46
            }
          ],
          "ix": 2
        },
        "a": {
          "a": 0,
          "k": [
            456.375,
            -655.625,
            0
          ],
          "ix": 1
        },
        "s": {
          "a": 1,
          "k": [
            {
              "i": {
                "x": [
                  0.667,
                  0.667,
                  0.667
                ],
                "y": [
                  1,
                  1,
                  1
                ]
              },
              "o": {
                "x": [
                  0.333,
                  0.333,
                  0.333
                ],
                "y": [
                  0,
                  0,
                  0
                ]
              },
              "n": [
                "0p667_1_0p333_0",
                "0p667_1_0p333_0",
                "0p667_1_0p333_0"
              ],
              "t": 16,
              "s": [
                80,
                80,
                100
              ],
              "e": [
                0,
                0,
                100
              ]
            },
            {
              "t": 46
            }
          ],
          "ix": 6
        }
      },
      "ao": 0,
      "shapes": [
        {
          "ty": "gr",
          "it": [
            {
              "d": 1,
              "ty": "el",
              "s": {
                "a": 0,
                "k": [
                  12,
                  12
                ],
                "ix": 2
              },
              "p": {
                "a": 0,
                "k": [
                  0,
                  0
                ],
                "ix": 3
              },
              "nm": "椭圆路径 1",
              "mn": "ADBE Vector Shape - Ellipse",
              "hd": false
            },
            {
              "ty": "gf",
              "o": {
                "a": 0,
                "k": 100,
                "ix": 10
              },
              "r": 1,
              "g": {
                "p": 2,
                "k": {
                  "a": 0,
                  "k": [
                    0,
                    1,
                    1,
                    1,
                    1,
                    0,
                    0,
                    0
                  ],
                  "ix": 9
                }
              },
              "s": {
                "a": 0,
                "k": [
                  -3.5,
                  -1.25
                ],
                "ix": 5
              },
              "e": {
                "a": 0,
                "k": [
                  5,
                  1.125
                ],
                "ix": 6
              },
              "t": 1,
              "nm": "渐变填充 1",
              "mn": "ADBE Vector Graphic - G-Fill",
              "hd": false
            },
            {
              "ty": "st",
              "c": {
                "a": 0,
                "k": [
                  1,
                  1,
                  1,
                  1
                ],
                "ix": 3
              },
              "o": {
                "a": 0,
                "k": 100,
                "ix": 4
              },
              "w": {
                "a": 0,
                "k": 0,
                "ix": 5
              },
              "lc": 1,
              "lj": 1,
              "ml": 4,
              "ml2": {
                "a": 0,
                "k": 4,
                "ix": 8
              },
              "nm": "描边 1",
              "mn": "ADBE Vector Graphic - Stroke",
              "hd": false
            },
            {
              "ty": "fl",
              "c": {
                "a": 0,
                "k": [
                  1,
                  0,
                  0,
                  1
                ],
                "ix": 4
              },
              "o": {
                "a": 0,
                "k": 0,
                "ix": 5
              },
              "r": 1,
              "nm": "填充 1",
              "mn": "ADBE Vector Graphic - Fill",
              "hd": false
            },
            {
              "ty": "tr",
              "p": {
                "a": 0,
                "k": [
                  456.375,
                  -655.625
                ],
                "ix": 2
              },
              "a": {
                "a": 0,
                "k": [
                  0,
                  0
                ],
                "ix": 1
              },
              "s": {
                "a": 0,
                "k": [
                  100,
                  100
                ],
                "ix": 3
              },
              "r": {
                "a": 0,
                "k": 0,
                "ix": 6
              },
              "o": {
                "a": 0,
                "k": 100,
                "ix": 7
              },
              "sk": {
                "a": 0,
                "k": 0,
                "ix": 4
              },
              "sa": {
                "a": 0,
                "k": 0,
                "ix": 5
              },
              "nm": "变换"
            }
          ],
          "nm": "椭圆 1",
          "np": 4,
          "cix": 2,
          "ix": 1,
          "mn": "ADBE Vector Group",
          "hd": false
        }
      ],
      "ip": 0,
      "op": 72,
      "st": -85,
      "bm": 0
    },
    {
      "ddd": 0,
      "ind": 4,
      "ty": 4,
      "nm": "气泡3",
      "sr": 1,
      "ks": {
        "o": {
          "a": 1,
          "k": [
            {
              "i": {
                "x": [
                  0.833
                ],
                "y": [
                  0.833
                ]
              },
              "o": {
                "x": [
                  0.167
                ],
                "y": [
                  0.167
                ]
              },
              "n": [
                "0p833_0p833_0p167_0p167"
              ],
              "t": 31,
              "s": [
                0
              ],
              "e": [
                40
              ]
            },
            {
              "t": 38
            }
          ],
          "ix": 11
        },
        "r": {
          "a": 0,
          "k": 0,
          "ix": 10
        },
        "p": {
          "a": 1,
          "k": [
            {
              "i": {
                "x": 0.833,
                "y": 0.833
              },
              "o": {
                "x": 0.167,
                "y": 0.167
              },
              "n": "0p833_0p833_0p167_0p167",
              "t": 31,
              "s": [
                31.88,
                67.352,
                0
              ],
              "e": [
                20.13,
                78.75,
                0
              ],
              "to": [
                -1.95833337306976,
                1.899658203125,
                0
              ],
              "ti": [
                4.64953470230103,
                -3.08832359313965,
                0
              ]
            },
            {
              "i": {
                "x": 0.833,
                "y": 0.833
              },
              "o": {
                "x": 0.167,
                "y": 0.167
              },
              "n": "0p833_0p833_0p167_0p167",
              "t": 51,
              "s": [
                20.13,
                78.75,
                0
              ],
              "e": [
                3.983,
                85.882,
                0
              ],
              "to": [
                -4.64953470230103,
                3.08832359313965,
                0
              ],
              "ti": [
                2.69120121002197,
                -1.18866539001465,
                0
              ]
            },
            {
              "t": 71
            }
          ],
          "ix": 2
        },
        "a": {
          "a": 0,
          "k": [
            456.375,
            -655.625,
            0
          ],
          "ix": 1
        },
        "s": {
          "a": 1,
          "k": [
            {
              "i": {
                "x": [
                  0.833,
                  0.833,
                  0.833
                ],
                "y": [
                  0.833,
                  0.833,
                  0.833
                ]
              },
              "o": {
                "x": [
                  0.167,
                  0.167,
                  0.167
                ],
                "y": [
                  0.167,
                  0.167,
                  0.167
                ]
              },
              "n": [
                "0p833_0p833_0p167_0p167",
                "0p833_0p833_0p167_0p167",
                "0p833_0p833_0p167_0p167"
              ],
              "t": 31,
              "s": [
                100,
                100,
                100
              ],
              "e": [
                0,
                0,
                100
              ]
            },
            {
              "t": 71
            }
          ],
          "ix": 6
        }
      },
      "ao": 0,
      "shapes": [
        {
          "ty": "gr",
          "it": [
            {
              "d": 1,
              "ty": "el",
              "s": {
                "a": 0,
                "k": [
                  12,
                  12
                ],
                "ix": 2
              },
              "p": {
                "a": 0,
                "k": [
                  0,
                  0
                ],
                "ix": 3
              },
              "nm": "椭圆路径 1",
              "mn": "ADBE Vector Shape - Ellipse",
              "hd": false
            },
            {
              "ty": "gf",
              "o": {
                "a": 0,
                "k": 100,
                "ix": 10
              },
              "r": 1,
              "g": {
                "p": 2,
                "k": {
                  "a": 0,
                  "k": [
                    0,
                    1,
                    1,
                    1,
                    1,
                    0,
                    0,
                    0
                  ],
                  "ix": 9
                }
              },
              "s": {
                "a": 0,
                "k": [
                  -3.5,
                  -1.25
                ],
                "ix": 5
              },
              "e": {
                "a": 0,
                "k": [
                  5,
                  1.125
                ],
                "ix": 6
              },
              "t": 1,
              "nm": "渐变填充 1",
              "mn": "ADBE Vector Graphic - G-Fill",
              "hd": false
            },
            {
              "ty": "st",
              "c": {
                "a": 0,
                "k": [
                  1,
                  1,
                  1,
                  1
                ],
                "ix": 3
              },
              "o": {
                "a": 0,
                "k": 100,
                "ix": 4
              },
              "w": {
                "a": 0,
                "k": 0,
                "ix": 5
              },
              "lc": 1,
              "lj": 1,
              "ml": 4,
              "ml2": {
                "a": 0,
                "k": 4,
                "ix": 8
              },
              "nm": "描边 1",
              "mn": "ADBE Vector Graphic - Stroke",
              "hd": false
            },
            {
              "ty": "fl",
              "c": {
                "a": 0,
                "k": [
                  1,
                  0,
                  0,
                  1
                ],
                "ix": 4
              },
              "o": {
                "a": 0,
                "k": 0,
                "ix": 5
              },
              "r": 1,
              "nm": "填充 1",
              "mn": "ADBE Vector Graphic - Fill",
              "hd": false
            },
            {
              "ty": "tr",
              "p": {
                "a": 0,
                "k": [
                  456.375,
                  -655.625
                ],
                "ix": 2
              },
              "a": {
                "a": 0,
                "k": [
                  0,
                  0
                ],
                "ix": 1
              },
              "s": {
                "a": 0,
                "k": [
                  100,
                  100
                ],
                "ix": 3
              },
              "r": {
                "a": 0,
                "k": 0,
                "ix": 6
              },
              "o": {
                "a": 0,
                "k": 100,
                "ix": 7
              },
              "sk": {
                "a": 0,
                "k": 0,
                "ix": 4
              },
              "sa": {
                "a": 0,
                "k": 0,
                "ix": 5
              },
              "nm": "变换"
            }
          ],
          "nm": "椭圆 1",
          "np": 4,
          "cix": 2,
          "ix": 1,
          "mn": "ADBE Vector Group",
          "hd": false
        }
      ],
      "ip": 0,
      "op": 72,
      "st": -85,
      "bm": 0
    },
    {
      "ddd": 0,
      "ind": 5,
      "ty": 4,
      "nm": "气泡4",
      "sr": 1,
      "ks": {
        "o": {
          "a": 1,
          "k": [
            {
              "i": {
                "x": [
                  0.833
                ],
                "y": [
                  0.833
                ]
              },
              "o": {
                "x": [
                  0.167
                ],
                "y": [
                  0.167
                ]
              },
              "n": [
                "0p833_0p833_0p167_0p167"
              ],
              "t": 11,
              "s": [
                0
              ],
              "e": [
                40
              ]
            },
            {
              "t": 18
            }
          ],
          "ix": 11
        },
        "r": {
          "a": 0,
          "k": 0,
          "ix": 10
        },
        "p": {
          "a": 1,
          "k": [
            {
              "i": {
                "x": 0.833,
                "y": 0.833
              },
              "o": {
                "x": 0.167,
                "y": 0.167
              },
              "n": "0p833_0p833_0p167_0p167",
              "t": 11,
              "s": [
                26.695,
                26.659,
                0
              ],
              "e": [
                10.125,
                22.094,
                0
              ],
              "to": [
                -2.34992551803589,
                -1.82315027713776,
                0
              ],
              "ti": [
                5.87481355667114,
                4.55787563323975,
                0
              ]
            },
            {
              "i": {
                "x": 0.833,
                "y": 0.833
              },
              "o": {
                "x": 0.167,
                "y": 0.167
              },
              "n": "0p833_0p833_0p167_0p167",
              "t": 31,
              "s": [
                10.125,
                22.094,
                0
              ],
              "e": [
                2.375,
                2.534,
                0
              ],
              "to": [
                -5.87330293655396,
                -4.55670356750488,
                0
              ],
              "ti": [
                2.34932112693787,
                1.82268142700195,
                0
              ]
            },
            {
              "t": 51
            }
          ],
          "ix": 2
        },
        "a": {
          "a": 0,
          "k": [
            456.375,
            -655.625,
            0
          ],
          "ix": 1
        },
        "s": {
          "a": 1,
          "k": [
            {
              "i": {
                "x": [
                  0.833,
                  0.833,
                  0.833
                ],
                "y": [
                  0.833,
                  0.833,
                  0.833
                ]
              },
              "o": {
                "x": [
                  0.167,
                  0.167,
                  0.167
                ],
                "y": [
                  0.167,
                  0.167,
                  0.167
                ]
              },
              "n": [
                "0p833_0p833_0p167_0p167",
                "0p833_0p833_0p167_0p167",
                "0p833_0p833_0p167_0p167"
              ],
              "t": 11,
              "s": [
                80,
                80,
                100
              ],
              "e": [
                0,
                0,
                100
              ]
            },
            {
              "t": 51
            }
          ],
          "ix": 6
        }
      },
      "ao": 0,
      "shapes": [
        {
          "ty": "gr",
          "it": [
            {
              "d": 1,
              "ty": "el",
              "s": {
                "a": 0,
                "k": [
                  13,
                  13
                ],
                "ix": 2
              },
              "p": {
                "a": 0,
                "k": [
                  0,
                  0
                ],
                "ix": 3
              },
              "nm": "椭圆路径 1",
              "mn": "ADBE Vector Shape - Ellipse",
              "hd": false
            },
            {
              "ty": "gf",
              "o": {
                "a": 0,
                "k": 100,
                "ix": 10
              },
              "r": 1,
              "g": {
                "p": 2,
                "k": {
                  "a": 0,
                  "k": [
                    0,
                    1,
                    1,
                    1,
                    1,
                    0,
                    0,
                    0
                  ],
                  "ix": 9
                }
              },
              "s": {
                "a": 0,
                "k": [
                  -3.5,
                  -1.25
                ],
                "ix": 5
              },
              "e": {
                "a": 0,
                "k": [
                  4.259,
                  6.08
                ],
                "ix": 6
              },
              "t": 1,
              "nm": "渐变填充 1",
              "mn": "ADBE Vector Graphic - G-Fill",
              "hd": false
            },
            {
              "ty": "st",
              "c": {
                "a": 0,
                "k": [
                  1,
                  1,
                  1,
                  1
                ],
                "ix": 3
              },
              "o": {
                "a": 0,
                "k": 100,
                "ix": 4
              },
              "w": {
                "a": 0,
                "k": 0,
                "ix": 5
              },
              "lc": 1,
              "lj": 1,
              "ml": 4,
              "ml2": {
                "a": 0,
                "k": 4,
                "ix": 8
              },
              "nm": "描边 1",
              "mn": "ADBE Vector Graphic - Stroke",
              "hd": false
            },
            {
              "ty": "fl",
              "c": {
                "a": 0,
                "k": [
                  1,
                  0,
                  0,
                  1
                ],
                "ix": 4
              },
              "o": {
                "a": 0,
                "k": 0,
                "ix": 5
              },
              "r": 1,
              "nm": "填充 1",
              "mn": "ADBE Vector Graphic - Fill",
              "hd": false
            },
            {
              "ty": "tr",
              "p": {
                "a": 0,
                "k": [
                  456.375,
                  -655.625
                ],
                "ix": 2
              },
              "a": {
                "a": 0,
                "k": [
                  0,
                  0
                ],
                "ix": 1
              },
              "s": {
                "a": 0,
                "k": [
                  100,
                  100
                ],
                "ix": 3
              },
              "r": {
                "a": 0,
                "k": 0,
                "ix": 6
              },
              "o": {
                "a": 0,
                "k": 100,
                "ix": 7
              },
              "sk": {
                "a": 0,
                "k": 0,
                "ix": 4
              },
              "sa": {
                "a": 0,
                "k": 0,
                "ix": 5
              },
              "nm": "变换"
            }
          ],
          "nm": "椭圆 1",
          "np": 4,
          "cix": 2,
          "ix": 1,
          "mn": "ADBE Vector Group",
          "hd": false
        }
      ],
      "ip": 0,
      "op": 72,
      "st": -85,
      "bm": 0
    },
    {
      "ddd": 0,
      "ind": 6,
      "ty": 4,
      "nm": "形状图层 5",
      "sr": 1,
      "ks": {
        "o": {
          "a": 0,
          "k": 56,
          "ix": 11
        },
        "r": {
          "a": 0,
          "k": 0,
          "ix": 10
        },
        "p": {
          "a": 0,
          "k": [
            45.829,
            44.443,
            0
          ],
          "ix": 2
        },
        "a": {
          "a": 0,
          "k": [
            491.065,
            -636.23,
            0
          ],
          "ix": 1
        },
        "s": {
          "a": 0,
          "k": [
            70,
            70,
            100
          ],
          "ix": 6
        }
      },
      "ao": 0,
      "shapes": [
        {
          "ty": "gr",
          "it": [
            {
              "ind": 0,
              "ty": "sh",
              "ix": 1,
              "ks": {
                "a": 1,
                "k": [
                  {
                    "i": {
                      "x": 0.833,
                      "y": 1
                    },
                    "o": {
                      "x": 0.333,
                      "y": 0
                    },
                    "n": "0p833_1_0p333_0",
                    "t": 0,
                    "s": [
                      {
                        "i": [
                          [
                            20.031,
                            -0.799
                          ],
                          [
                            0.111,
                            -16.972
                          ],
                          [
                            -23.153,
                            4.03
                          ],
                          [
                            -0.125,
                            19.744
                          ]
                        ],
                        "o": [
                          [
                            -22,
                            0.877
                          ],
                          [
                            -0.125,
                            19.106
                          ],
                          [
                            17.25,
                            -3.002
                          ],
                          [
                            0.134,
                            -21.099
                          ]
                        ],
                        "v": [
                          [
                            476.5,
                            -678.52
                          ],
                          [
                            456.625,
                            -638.378
                          ],
                          [
                            481.75,
                            -598.985
                          ],
                          [
                            535.125,
                            -639.016
                          ]
                        ],
                        "c": true
                      }
                    ],
                    "e": [
                      {
                        "i": [
                          [
                            22,
                            -0.375
                          ],
                          [
                            0.111,
                            -16.972
                          ],
                          [
                            -19.766,
                            0.615
                          ],
                          [
                            -1.727,
                            21.99
                          ]
                        ],
                        "o": [
                          [
                            -20.007,
                            0.341
                          ],
                          [
                            -0.125,
                            19.106
                          ],
                          [
                            16,
                            -0.498
                          ],
                          [
                            1.125,
                            -14.326
                          ]
                        ],
                        "v": [
                          [
                            505.5,
                            -675.765
                          ],
                          [
                            454.125,
                            -637.126
                          ],
                          [
                            505.75,
                            -597.732
                          ],
                          [
                            525.125,
                            -637.763
                          ]
                        ],
                        "c": true
                      }
                    ]
                  },
                  {
                    "i": {
                      "x": 0.833,
                      "y": 1
                    },
                    "o": {
                      "x": 0.167,
                      "y": 0
                    },
                    "n": "0p833_1_0p167_0",
                    "t": 18,
                    "s": [
                      {
                        "i": [
                          [
                            22,
                            -0.375
                          ],
                          [
                            0.111,
                            -16.972
                          ],
                          [
                            -19.766,
                            0.615
                          ],
                          [
                            -1.727,
                            21.99
                          ]
                        ],
                        "o": [
                          [
                            -20.007,
                            0.341
                          ],
                          [
                            -0.125,
                            19.106
                          ],
                          [
                            16,
                            -0.498
                          ],
                          [
                            1.125,
                            -14.326
                          ]
                        ],
                        "v": [
                          [
                            505.5,
                            -675.765
                          ],
                          [
                            454.125,
                            -637.126
                          ],
                          [
                            505.75,
                            -597.732
                          ],
                          [
                            525.125,
                            -637.763
                          ]
                        ],
                        "c": true
                      }
                    ],
                    "e": [
                      {
                        "i": [
                          [
                            20.031,
                            -0.799
                          ],
                          [
                            0.111,
                            -16.972
                          ],
                          [
                            -23.153,
                            4.03
                          ],
                          [
                            -0.125,
                            19.744
                          ]
                        ],
                        "o": [
                          [
                            -22,
                            0.877
                          ],
                          [
                            -0.125,
                            19.106
                          ],
                          [
                            17.25,
                            -3.002
                          ],
                          [
                            0.134,
                            -21.099
                          ]
                        ],
                        "v": [
                          [
                            476.5,
                            -683.279
                          ],
                          [
                            454.125,
                            -638.629
                          ],
                          [
                            478.25,
                            -596.981
                          ],
                          [
                            535.125,
                            -633.254
                          ]
                        ],
                        "c": true
                      }
                    ]
                  },
                  {
                    "i": {
                      "x": 0.833,
                      "y": 1
                    },
                    "o": {
                      "x": 0.333,
                      "y": 0
                    },
                    "n": "0p833_1_0p333_0",
                    "t": 36,
                    "s": [
                      {
                        "i": [
                          [
                            20.031,
                            -0.799
                          ],
                          [
                            0.111,
                            -16.972
                          ],
                          [
                            -23.153,
                            4.03
                          ],
                          [
                            -0.125,
                            19.744
                          ]
                        ],
                        "o": [
                          [
                            -22,
                            0.877
                          ],
                          [
                            -0.125,
                            19.106
                          ],
                          [
                            17.25,
                            -3.002
                          ],
                          [
                            0.134,
                            -21.099
                          ]
                        ],
                        "v": [
                          [
                            476.5,
                            -683.279
                          ],
                          [
                            454.125,
                            -638.629
                          ],
                          [
                            478.25,
                            -596.981
                          ],
                          [
                            535.125,
                            -633.254
                          ]
                        ],
                        "c": true
                      }
                    ],
                    "e": [
                      {
                        "i": [
                          [
                            22,
                            -0.375
                          ],
                          [
                            0.111,
                            -16.972
                          ],
                          [
                            -19.766,
                            0.615
                          ],
                          [
                            -1.727,
                            21.99
                          ]
                        ],
                        "o": [
                          [
                            -20.007,
                            0.341
                          ],
                          [
                            -0.125,
                            19.106
                          ],
                          [
                            16,
                            -0.498
                          ],
                          [
                            1.125,
                            -14.326
                          ]
                        ],
                        "v": [
                          [
                            505.5,
                            -675.765
                          ],
                          [
                            454.125,
                            -637.126
                          ],
                          [
                            505.75,
                            -597.732
                          ],
                          [
                            525.125,
                            -637.763
                          ]
                        ],
                        "c": true
                      }
                    ]
                  },
                  {
                    "i": {
                      "x": 0.833,
                      "y": 1
                    },
                    "o": {
                      "x": 0.167,
                      "y": 0
                    },
                    "n": "0p833_1_0p167_0",
                    "t": 54,
                    "s": [
                      {
                        "i": [
                          [
                            22,
                            -0.375
                          ],
                          [
                            0.111,
                            -16.972
                          ],
                          [
                            -19.766,
                            0.615
                          ],
                          [
                            -1.727,
                            21.99
                          ]
                        ],
                        "o": [
                          [
                            -20.007,
                            0.341
                          ],
                          [
                            -0.125,
                            19.106
                          ],
                          [
                            16,
                            -0.498
                          ],
                          [
                            1.125,
                            -14.326
                          ]
                        ],
                        "v": [
                          [
                            505.5,
                            -675.765
                          ],
                          [
                            454.125,
                            -637.126
                          ],
                          [
                            505.75,
                            -597.732
                          ],
                          [
                            525.125,
                            -637.763
                          ]
                        ],
                        "c": true
                      }
                    ],
                    "e": [
                      {
                        "i": [
                          [
                            20.031,
                            -0.799
                          ],
                          [
                            0.111,
                            -16.972
                          ],
                          [
                            -23.153,
                            4.03
                          ],
                          [
                            -0.125,
                            19.744
                          ]
                        ],
                        "o": [
                          [
                            -22,
                            0.877
                          ],
                          [
                            -0.125,
                            19.106
                          ],
                          [
                            17.25,
                            -3.002
                          ],
                          [
                            0.134,
                            -21.099
                          ]
                        ],
                        "v": [
                          [
                            476.5,
                            -678.52
                          ],
                          [
                            456.625,
                            -638.378
                          ],
                          [
                            481.75,
                            -598.985
                          ],
                          [
                            535.125,
                            -639.016
                          ]
                        ],
                        "c": true
                      }
                    ]
                  },
                  {
                    "t": 71
                  }
                ],
                "ix": 2
              },
              "nm": "路径 1",
              "mn": "ADBE Vector Shape - Group",
              "hd": false
            },
            {
              "ty": "gf",
              "o": {
                "a": 0,
                "k": 100,
                "ix": 10
              },
              "r": 2,
              "g": {
                "p": 2,
                "k": {
                  "a": 0,
                  "k": [
                    0,
                    1,
                    1,
                    1,
                    1,
                    0,
                    0,
                    0
                  ],
                  "ix": 9
                }
              },
              "s": {
                "a": 0,
                "k": [
                  470.116,
                  -607.626
                ],
                "ix": 5
              },
              "e": {
                "a": 0,
                "k": [
                  496.782,
                  -663.384
                ],
                "ix": 6
              },
              "t": 1,
              "nm": "渐变填充 1",
              "mn": "ADBE Vector Graphic - G-Fill",
              "hd": false
            },
            {
              "ty": "st",
              "c": {
                "a": 0,
                "k": [
                  0.525490224361,
                  0.635294139385,
                  1,
                  1
                ],
                "ix": 3
              },
              "o": {
                "a": 0,
                "k": 0,
                "ix": 4
              },
              "w": {
                "a": 0,
                "k": 4,
                "ix": 5
              },
              "lc": 1,
              "lj": 1,
              "ml": 4,
              "ml2": {
                "a": 0,
                "k": 4,
                "ix": 8
              },
              "nm": "描边 1",
              "mn": "ADBE Vector Graphic - Stroke",
              "hd": false
            },
            {
              "ty": "fl",
              "c": {
                "a": 0,
                "k": [
                  0.721568644047,
                  0.729411780834,
                  1,
                  1
                ],
                "ix": 4
              },
              "o": {
                "a": 0,
                "k": 50,
                "ix": 5
              },
              "r": 1,
              "nm": "填充 1",
              "mn": "ADBE Vector Graphic - Fill",
              "hd": false
            },
            {
              "ty": "tr",
              "p": {
                "a": 0,
                "k": [
                  0,
                  0
                ],
                "ix": 2
              },
              "a": {
                "a": 0,
                "k": [
                  0,
                  0
                ],
                "ix": 1
              },
              "s": {
                "a": 0,
                "k": [
                  100,
                  99.795
                ],
                "ix": 3
              },
              "r": {
                "a": 0,
                "k": 0,
                "ix": 6
              },
              "o": {
                "a": 0,
                "k": 100,
                "ix": 7
              },
              "sk": {
                "a": 0,
                "k": 0,
                "ix": 4
              },
              "sa": {
                "a": 0,
                "k": 0,
                "ix": 5
              },
              "nm": "变换"
            }
          ],
          "nm": "形状 1",
          "np": 4,
          "cix": 2,
          "ix": 1,
          "mn": "ADBE Vector Group",
          "hd": false
        }
      ],
      "ip": 0,
      "op": 72,
      "st": -380,
      "bm": 0
    },
    {
      "ddd": 0,
      "ind": 7,
      "ty": 4,
      "nm": "形状图层 4",
      "sr": 1,
      "ks": {
        "o": {
          "a": 0,
          "k": 50,
          "ix": 11
        },
        "r": {
          "a": 0,
          "k": 0,
          "ix": 10
        },
        "p": {
          "a": 0,
          "k": [
            45.61,
            45.497,
            0
          ],
          "ix": 2
        },
        "a": {
          "a": 0,
          "k": [
            491.307,
            -636.046,
            0
          ],
          "ix": 1
        },
        "s": {
          "a": 0,
          "k": [
            70,
            70,
            100
          ],
          "ix": 6
        }
      },
      "ao": 0,
      "shapes": [
        {
          "ty": "gr",
          "it": [
            {
              "ind": 0,
              "ty": "sh",
              "ix": 1,
              "ks": {
                "a": 1,
                "k": [
                  {
                    "i": {
                      "x": 0.833,
                      "y": 0.833
                    },
                    "o": {
                      "x": 0.333,
                      "y": 0
                    },
                    "n": "0p833_0p833_0p333_0",
                    "t": 0,
                    "s": [
                      {
                        "i": [
                          [
                            22.215,
                            -6.252
                          ],
                          [
                            -0.75,
                            -19.474
                          ],
                          [
                            -22.046,
                            -3.017
                          ],
                          [
                            0.25,
                            36.027
                          ]
                        ],
                        "o": [
                          [
                            -18.25,
                            5.136
                          ],
                          [
                            0.639,
                            16.59
                          ],
                          [
                            16.5,
                            2.258
                          ],
                          [
                            -0.155,
                            -22.365
                          ]
                        ],
                        "v": [
                          [
                            498.5,
                            -682.277
                          ],
                          [
                            447.375,
                            -635.372
                          ],
                          [
                            506.75,
                            -596.98
                          ],
                          [
                            529.75,
                            -640.268
                          ]
                        ],
                        "c": true
                      }
                    ],
                    "e": [
                      {
                        "i": [
                          [
                            24.451,
                            1.612
                          ],
                          [
                            -0.75,
                            -19.474
                          ],
                          [
                            -22.086,
                            2.406
                          ],
                          [
                            0.603,
                            23.55
                          ]
                        ],
                        "o": [
                          [
                            -22.674,
                            -1.487
                          ],
                          [
                            0.639,
                            16.59
                          ],
                          [
                            18.464,
                            -2.02
                          ],
                          [
                            -0.404,
                            -15.776
                          ]
                        ],
                        "v": [
                          [
                            485.23,
                            -676.895
                          ],
                          [
                            462.986,
                            -637.162
                          ],
                          [
                            485.01,
                            -598.08
                          ],
                          [
                            535.397,
                            -640.317
                          ]
                        ],
                        "c": true
                      }
                    ]
                  },
                  {
                    "i": {
                      "x": 0.833,
                      "y": 1
                    },
                    "o": {
                      "x": 0.167,
                      "y": 0.167
                    },
                    "n": "0p833_1_0p167_0p167",
                    "t": 18,
                    "s": [
                      {
                        "i": [
                          [
                            24.451,
                            1.612
                          ],
                          [
                            -0.75,
                            -19.474
                          ],
                          [
                            -22.086,
                            2.406
                          ],
                          [
                            0.603,
                            23.55
                          ]
                        ],
                        "o": [
                          [
                            -22.674,
                            -1.487
                          ],
                          [
                            0.639,
                            16.59
                          ],
                          [
                            18.464,
                            -2.02
                          ],
                          [
                            -0.404,
                            -15.776
                          ]
                        ],
                        "v": [
                          [
                            485.23,
                            -676.895
                          ],
                          [
                            462.986,
                            -637.162
                          ],
                          [
                            485.01,
                            -598.08
                          ],
                          [
                            535.397,
                            -640.317
                          ]
                        ],
                        "c": true
                      }
                    ],
                    "e": [
                      {
                        "i": [
                          [
                            23.041,
                            -1.309
                          ],
                          [
                            1.875,
                            -22.73
                          ],
                          [
                            -22.046,
                            -3.017
                          ],
                          [
                            -6.25,
                            36.277
                          ]
                        ],
                        "o": [
                          [
                            -24.25,
                            1.378
                          ],
                          [
                            -1.365,
                            16.547
                          ],
                          [
                            16.5,
                            2.258
                          ],
                          [
                            4.939,
                            -28.669
                          ]
                        ],
                        "v": [
                          [
                            506,
                            -679.772
                          ],
                          [
                            446.125,
                            -641.885
                          ],
                          [
                            501.5,
                            -596.229
                          ],
                          [
                            529.75,
                            -640.268
                          ]
                        ],
                        "c": true
                      }
                    ]
                  },
                  {
                    "i": {
                      "x": 0.833,
                      "y": 0.833
                    },
                    "o": {
                      "x": 0.333,
                      "y": 0
                    },
                    "n": "0p833_0p833_0p333_0",
                    "t": 36,
                    "s": [
                      {
                        "i": [
                          [
                            23.041,
                            -1.309
                          ],
                          [
                            1.875,
                            -22.73
                          ],
                          [
                            -22.046,
                            -3.017
                          ],
                          [
                            -6.25,
                            36.277
                          ]
                        ],
                        "o": [
                          [
                            -24.25,
                            1.378
                          ],
                          [
                            -1.365,
                            16.547
                          ],
                          [
                            16.5,
                            2.258
                          ],
                          [
                            4.939,
                            -28.669
                          ]
                        ],
                        "v": [
                          [
                            506,
                            -679.772
                          ],
                          [
                            446.125,
                            -641.885
                          ],
                          [
                            501.5,
                            -596.229
                          ],
                          [
                            529.75,
                            -640.268
                          ]
                        ],
                        "c": true
                      }
                    ],
                    "e": [
                      {
                        "i": [
                          [
                            24.451,
                            1.612
                          ],
                          [
                            -0.75,
                            -19.474
                          ],
                          [
                            -22.086,
                            2.406
                          ],
                          [
                            0.603,
                            23.55
                          ]
                        ],
                        "o": [
                          [
                            -22.674,
                            -1.487
                          ],
                          [
                            0.639,
                            16.59
                          ],
                          [
                            18.464,
                            -2.02
                          ],
                          [
                            -0.404,
                            -15.776
                          ]
                        ],
                        "v": [
                          [
                            485.23,
                            -676.895
                          ],
                          [
                            462.986,
                            -637.162
                          ],
                          [
                            485.01,
                            -598.08
                          ],
                          [
                            535.397,
                            -640.317
                          ]
                        ],
                        "c": true
                      }
                    ]
                  },
                  {
                    "i": {
                      "x": 0.833,
                      "y": 1
                    },
                    "o": {
                      "x": 0.167,
                      "y": 0.167
                    },
                    "n": "0p833_1_0p167_0p167",
                    "t": 54,
                    "s": [
                      {
                        "i": [
                          [
                            24.451,
                            1.612
                          ],
                          [
                            -0.75,
                            -19.474
                          ],
                          [
                            -22.086,
                            2.406
                          ],
                          [
                            0.603,
                            23.55
                          ]
                        ],
                        "o": [
                          [
                            -22.674,
                            -1.487
                          ],
                          [
                            0.639,
                            16.59
                          ],
                          [
                            18.464,
                            -2.02
                          ],
                          [
                            -0.404,
                            -15.776
                          ]
                        ],
                        "v": [
                          [
                            485.23,
                            -676.895
                          ],
                          [
                            462.986,
                            -637.162
                          ],
                          [
                            485.01,
                            -598.08
                          ],
                          [
                            535.397,
                            -640.317
                          ]
                        ],
                        "c": true
                      }
                    ],
                    "e": [
                      {
                        "i": [
                          [
                            22.215,
                            -6.252
                          ],
                          [
                            -0.75,
                            -19.474
                          ],
                          [
                            -22.046,
                            -3.017
                          ],
                          [
                            0.25,
                            36.027
                          ]
                        ],
                        "o": [
                          [
                            -18.25,
                            5.136
                          ],
                          [
                            0.639,
                            16.59
                          ],
                          [
                            16.5,
                            2.258
                          ],
                          [
                            -0.155,
                            -22.365
                          ]
                        ],
                        "v": [
                          [
                            498.5,
                            -682.277
                          ],
                          [
                            447.375,
                            -635.372
                          ],
                          [
                            506.75,
                            -596.98
                          ],
                          [
                            529.75,
                            -640.268
                          ]
                        ],
                        "c": true
                      }
                    ]
                  },
                  {
                    "t": 72
                  }
                ],
                "ix": 2
              },
              "nm": "路径 1",
              "mn": "ADBE Vector Shape - Group",
              "hd": false
            },
            {
              "ty": "gf",
              "o": {
                "a": 0,
                "k": 100,
                "ix": 10
              },
              "r": 1,
              "g": {
                "p": 2,
                "k": {
                  "a": 0,
                  "k": [
                    0,
                    1,
                    1,
                    1,
                    1,
                    0,
                    0,
                    0
                  ],
                  "ix": 9
                }
              },
              "s": {
                "a": 0,
                "k": [
                  499.986,
                  -600.355
                ],
                "ix": 5
              },
              "e": {
                "a": 0,
                "k": [
                  481.708,
                  -675.839
                ],
                "ix": 6
              },
              "t": 1,
              "nm": "渐变填充 1",
              "mn": "ADBE Vector Graphic - G-Fill",
              "hd": false
            },
            {
              "ty": "st",
              "c": {
                "a": 0,
                "k": [
                  0.529411792755,
                  0.639215707779,
                  1,
                  1
                ],
                "ix": 3
              },
              "o": {
                "a": 0,
                "k": 40,
                "ix": 4
              },
              "w": {
                "a": 0,
                "k": 0,
                "ix": 5
              },
              "lc": 1,
              "lj": 1,
              "ml": 4,
              "ml2": {
                "a": 0,
                "k": 4,
                "ix": 8
              },
              "nm": "描边 1",
              "mn": "ADBE Vector Graphic - Stroke",
              "hd": false
            },
            {
              "ty": "fl",
              "c": {
                "a": 0,
                "k": [
                  0.843137264252,
                  0.760784327984,
                  1,
                  1
                ],
                "ix": 4
              },
              "o": {
                "a": 0,
                "k": 70,
                "ix": 5
              },
              "r": 1,
              "nm": "填充 1",
              "mn": "ADBE Vector Graphic - Fill",
              "hd": false
            },
            {
              "ty": "tr",
              "p": {
                "a": 0,
                "k": [
                  -1.75,
                  0
                ],
                "ix": 2
              },
              "a": {
                "a": 0,
                "k": [
                  0,
                  0
                ],
                "ix": 1
              },
              "s": {
                "a": 0,
                "k": [
                  100,
                  99.795
                ],
                "ix": 3
              },
              "r": {
                "a": 0,
                "k": 0,
                "ix": 6
              },
              "o": {
                "a": 0,
                "k": 100,
                "ix": 7
              },
              "sk": {
                "a": 0,
                "k": 0,
                "ix": 4
              },
              "sa": {
                "a": 0,
                "k": 0,
                "ix": 5
              },
              "nm": "变换"
            }
          ],
          "nm": "形状 1",
          "np": 4,
          "cix": 2,
          "ix": 1,
          "mn": "ADBE Vector Group",
          "hd": false
        }
      ],
      "ip": 0,
      "op": 72,
      "st": -380,
      "bm": 0
    }
  ],
  "markers": []
}