{
  "hkzNames": [
    "31",
    "62",
    "125",
    "250",
    "500",
    "1K",
    "2K",
    "4K",
    "8K",
    "16K"
  ],
  "data": [
    {
    "styleName": "关闭",
    "value":[
      0.0,
      0.0,
      0.0,
      0.0,
      0.0,
      0.0,
      0.0,
      0.0,
      0.0,
      0.0]
    },
    {
      "styleName": "自定义",
      "value":[
        0.0,
        0.0,
        0.0,
        0.0,
        0.0,
        0.0,
        0.0,
        0.0,
        0.0,
        0.0]
    },
    {
    "styleName": "流行",
    "value": [
      0.0,
      0.0,
      2.0,
      2.0,
      3.0,
      3.0,
      3.0,
      2.0,
      1.0,
      0.0]
    },
    {
    "styleName": "超重低音",
    "value": [
      6.0,
      5.0,
      8.0,
      2.0,
      0.0,
      0.0,
      0.0,
      0.0,
      0.0,
      0.0]
    },
    {
    "styleName": "LIVE现场",
    "value": [
      5.0,
      5.0,
      6.0,
      0.0,
      -1.0,
      0.0,
      3.0,
      4.0,
      6.0,
      5.0]
    },
    {
    "styleName": "民谣",
    "value": [
      0.0,
      3.0,
      0.0,
      -1.0,
      1.0,
      4.0,
      5.0,
      3.0,
      0.0,
      2.0]
    },
    {
    "styleName": "摇滚",
    "value": [
      3.0,
      3.0,
      2.0,
      0.0,
      -2.0,
      -1.0,
      1.0,
      2.0,
      3.0,
      3.0]
    },
    {
    "styleName": "乡村",
    "value": [
      0.0,
      2.0,
      3.0,
      0.0,
      0.0,
      2.0,
      3.0,
      1.0,
      -1.0,
      -1.0]
    },
    {
    "styleName": "电子乐",
    "value": [
      5.0,
      6.0,
      5.0,
      0.0,
      -2.0,
      1.0,
      0.0,
      1.0,
      4.0,
      3.0]
    },
    {
    "styleName": "蓝调",
    "value": [
      -2.0,
      -1.0,
      0.0,
      2.0,
      3.0,
      3.0,
      0.0,
      1.0,
      -2.0,
      0.0]
    },
    {
    "styleName": "Rap",
    "value": [
      3.0,
      4.0,
      3.0,
      2.0,
      0.0,
      0.0,
      2.0,
      0.0,
      -2.0,
      -2.0]
    },
    {
    "styleName": "古典",
    "value": [
      4.0,
      4.0,
      3.0,
      2.0,
      -1.0,
      -2.0,
      0.0,
      1.0,
      3.0,
      4.0]
    },
    {
    "styleName": "舞曲",
    "value": [
      4.0,
      5.0,
      7.0,
      0.0,
      1.0,
      3.0,
      4.0,
      4.0,
      3.0,
      0.0]
    },
    {
    "styleName": "爵士",
    "value": [
      3.0,
      3.0,
      1.0,
      2.0,
      -2.0,
      -1.0,
      0.0,
      1.0,
      2.0,
      4.0]
    },
    {
    "styleName": "柔和",
    "value": [
      0.0,
      0.0,
      0.0,
      0.0,
      0.0,
      0.0,
      -1.0,
      -3.0,
      -3.0,
      0.0]
    },
    {
    "styleName": "重金属",
    "value": [
      2.0,
      3.0,
      -1.0,
      -2.0,
      3.0,
      1.0,
      0.0,
      1.0,
      3.0,
      3.0]
    },
    {
    "styleName": "低音&高音",
    "value": [
      6.0,
      5.0,
      6.0,
      1.0,
      0.0,
      0.0,
      1.0,
      3.0,
      4.0,
      0.0]
    },
    {
    "styleName": "扬声器",
    "value": [
      -6.0,
      -4.0,
      -2.0,
      2.0,
      3.0,
      5.0,
      3.0,
      0.0,
      -4.0,
      -8.0]
    }
  ]
}