{"v":"5.6.9","fr":25,"ip":0,"op":26,"w":319,"h":487,"nm":"预合成 2","ddd":0,"assets":[{"id":"image_0","w":39,"h":29,"u":"images/","p":"img_0.png","e":0},{"id":"image_1","w":33,"h":33,"u":"images/","p":"img_1.png","e":0},{"id":"image_2","w":32,"h":32,"u":"images/","p":"img_2.png","e":0},{"id":"image_3","w":74,"h":71,"u":"images/","p":"img_3.png","e":0},{"id":"image_4","w":30,"h":28,"u":"images/","p":"img_4.png","e":0}],"layers":[{"ddd":0,"ind":1,"ty":2,"nm":"口红.png","cl":"png","refId":"image_0","sr":1.5,"ks":{"o":{"a":1,"k":[{"i":{"x":[0.833],"y":[0.833]},"o":{"x":[0.167],"y":[0.167]},"t":5,"s":[0],"e":[100]},{"i":{"x":[0.833],"y":[0.833]},"o":{"x":[0.167],"y":[0.167]},"t":8,"s":[100],"e":[100]},{"i":{"x":[0.833],"y":[0.833]},"o":{"x":[0.167],"y":[0.167]},"t":17,"s":[100],"e":[0]},{"t":21.5}],"ix":11},"r":{"a":0,"k":0,"ix":10},"p":{"a":1,"k":[{"i":{"x":0.833,"y":0.833},"o":{"x":0.167,"y":0.167},"t":5,"s":[189,475,0],"e":[100,113,0],"to":[-14.833,-60.333,0],"ti":[14.833,60.333,0]},{"t":21.5}],"ix":2},"a":{"a":0,"k":[19.5,14.5,0],"ix":1},"s":{"a":0,"k":[89,89,100],"ix":6}},"ao":0,"ip":5,"op":36.5,"st":5,"bm":0},{"ddd":0,"ind":2,"ty":2,"nm":"礼物.png","cl":"png","refId":"image_1","sr":1.5,"ks":{"o":{"a":1,"k":[{"i":{"x":[0.833],"y":[0.833]},"o":{"x":[0.167],"y":[0.167]},"t":9,"s":[0],"e":[100]},{"i":{"x":[0.833],"y":[0.833]},"o":{"x":[0.167],"y":[0.167]},"t":12,"s":[100],"e":[100]},{"i":{"x":[0.833],"y":[0.833]},"o":{"x":[0.167],"y":[0.167]},"t":21,"s":[100],"e":[0]},{"t":25.5}],"ix":11},"r":{"a":0,"k":0,"ix":10},"p":{"a":1,"k":[{"i":{"x":0.833,"y":0.833},"o":{"x":0.167,"y":0.167},"t":9,"s":[189,475,0],"e":[153,93,0],"to":[-6,-63.667,0],"ti":[6,63.667,0]},{"t":25.5}],"ix":2},"a":{"a":0,"k":[16.5,16.5,0],"ix":1},"s":{"a":0,"k":[160,160,100],"ix":6}},"ao":0,"ip":9,"op":34.5,"st":9,"bm":0},{"ddd":0,"ind":3,"ty":2,"nm":"五角.png","cl":"png","refId":"image_2","sr":1.5,"ks":{"o":{"a":1,"k":[{"i":{"x":[0.833],"y":[0.833]},"o":{"x":[0.167],"y":[0.167]},"t":3,"s":[0],"e":[100]},{"i":{"x":[0.833],"y":[0.833]},"o":{"x":[0.167],"y":[0.167]},"t":6,"s":[100],"e":[100]},{"i":{"x":[0.833],"y":[0.833]},"o":{"x":[0.167],"y":[0.167]},"t":15,"s":[100],"e":[0]},{"t":19.5}],"ix":11},"r":{"a":0,"k":0,"ix":10},"p":{"a":1,"k":[{"i":{"x":0.833,"y":0.833},"o":{"x":0.167,"y":0.167},"t":3,"s":[189,475,0],"e":[120,70,0],"to":[-11.5,-67.5,0],"ti":[11.5,67.5,0]},{"t":19.5}],"ix":2},"a":{"a":0,"k":[16,16,0],"ix":1},"s":{"a":0,"k":[100,100,100],"ix":6}},"ao":0,"ip":3,"op":37.5,"st":3,"bm":0},{"ddd":0,"ind":4,"ty":2,"nm":"点赞.png","cl":"png","refId":"image_3","sr":1.5,"ks":{"o":{"a":1,"k":[{"i":{"x":[0.833],"y":[0.833]},"o":{"x":[0.167],"y":[0.167]},"t":11,"s":[0],"e":[100]},{"i":{"x":[0.833],"y":[0.833]},"o":{"x":[0.167],"y":[0.167]},"t":14,"s":[100],"e":[100]},{"i":{"x":[0.833],"y":[0.833]},"o":{"x":[0.167],"y":[0.167]},"t":23,"s":[100],"e":[0]},{"t":27.5}],"ix":11},"r":{"a":0,"k":0,"ix":10},"p":{"a":1,"k":[{"i":{"x":0.833,"y":0.833},"o":{"x":0.167,"y":0.167},"t":11,"s":[189,475,0],"e":[224,50,0],"to":[5.833,-70.833,0],"ti":[-5.833,70.833,0]},{"t":27.5}],"ix":2},"a":{"a":0,"k":[37,35.5,0],"ix":1},"s":{"a":0,"k":[45,45,100],"ix":6}},"ao":0,"ip":11,"op":33.5,"st":11,"bm":0},{"ddd":0,"ind":5,"ty":2,"nm":"钻石2.png","cl":"png","refId":"image_4","sr":1.5,"ks":{"o":{"a":1,"k":[{"i":{"x":[0.833],"y":[0.833]},"o":{"x":[0.167],"y":[0.167]},"t":7,"s":[0],"e":[100]},{"i":{"x":[0.833],"y":[0.833]},"o":{"x":[0.167],"y":[0.167]},"t":10,"s":[100],"e":[100]},{"i":{"x":[0.833],"y":[0.833]},"o":{"x":[0.167],"y":[0.167]},"t":19,"s":[100],"e":[0]},{"t":23.5}],"ix":11},"r":{"a":0,"k":0,"ix":10},"p":{"a":1,"k":[{"i":{"x":0.833,"y":0.833},"o":{"x":0.167,"y":0.167},"t":7,"s":[189,475,0],"e":[6,-1,0],"to":[-30.5,-79.333,0],"ti":[30.5,79.333,0]},{"t":23.5}],"ix":2},"a":{"a":0,"k":[15,14,0],"ix":1},"s":{"a":0,"k":[110,110,100],"ix":6}},"ao":0,"ip":7,"op":35.5,"st":7,"bm":0},{"ddd":0,"ind":6,"ty":2,"nm":"口红.png","cl":"png","refId":"image_0","sr":1.5,"ks":{"o":{"a":1,"k":[{"i":{"x":[0.833],"y":[0.833]},"o":{"x":[0.167],"y":[0.167]},"t":0,"s":[0],"e":[100]},{"i":{"x":[0.833],"y":[0.833]},"o":{"x":[0.167],"y":[0.167]},"t":3,"s":[100],"e":[100]},{"i":{"x":[0.833],"y":[0.833]},"o":{"x":[0.167],"y":[0.167]},"t":12,"s":[100],"e":[0]},{"t":16.5}],"ix":11},"r":{"a":0,"k":0,"ix":10},"p":{"a":1,"k":[{"i":{"x":0.833,"y":0.833},"o":{"x":0.167,"y":0.167},"t":0,"s":[189,475,0],"e":[186,149,0],"to":[-0.5,-54.333,0],"ti":[0.5,54.333,0]},{"t":16.5}],"ix":2},"a":{"a":0,"k":[19.5,14.5,0],"ix":1},"s":{"a":0,"k":[67,67,100],"ix":6}},"ao":0,"ip":0,"op":39,"st":0,"bm":0},{"ddd":0,"ind":7,"ty":2,"nm":"礼物.png","cl":"png","refId":"image_1","sr":1.5,"ks":{"o":{"a":1,"k":[{"i":{"x":[0.833],"y":[0.833]},"o":{"x":[0.167],"y":[0.167]},"t":2,"s":[0],"e":[100]},{"i":{"x":[0.833],"y":[0.833]},"o":{"x":[0.167],"y":[0.167]},"t":5,"s":[100],"e":[100]},{"i":{"x":[0.833],"y":[0.833]},"o":{"x":[0.167],"y":[0.167]},"t":14,"s":[100],"e":[0]},{"t":18.5}],"ix":11},"r":{"a":0,"k":0,"ix":10},"p":{"a":1,"k":[{"i":{"x":0.833,"y":0.833},"o":{"x":0.167,"y":0.167},"t":2,"s":[189,475,0],"e":[62,148,0],"to":[-21.167,-54.5,0],"ti":[21.167,54.5,0]},{"t":18.5}],"ix":2},"a":{"a":0,"k":[16.5,16.5,0],"ix":1},"s":{"a":0,"k":[200,200,100],"ix":6}},"ao":0,"ip":2,"op":38,"st":2,"bm":0},{"ddd":0,"ind":8,"ty":2,"nm":"五角.png","cl":"png","refId":"image_2","sr":1.5,"ks":{"o":{"a":1,"k":[{"i":{"x":[0.833],"y":[0.833]},"o":{"x":[0.167],"y":[0.167]},"t":3,"s":[0],"e":[100]},{"i":{"x":[0.833],"y":[0.833]},"o":{"x":[0.167],"y":[0.167]},"t":6,"s":[100],"e":[100]},{"i":{"x":[0.833],"y":[0.833]},"o":{"x":[0.167],"y":[0.167]},"t":15,"s":[100],"e":[0]},{"t":19.5}],"ix":11},"r":{"a":0,"k":0,"ix":10},"p":{"a":1,"k":[{"i":{"x":0.833,"y":0.833},"o":{"x":0.167,"y":0.167},"t":3,"s":[189,475,0],"e":[289,70,0],"to":[16.667,-67.5,0],"ti":[-16.667,67.5,0]},{"t":19.5}],"ix":2},"a":{"a":0,"k":[16,16,0],"ix":1},"s":{"a":0,"k":[200,200,100],"ix":6}},"ao":0,"ip":3,"op":37.5,"st":3,"bm":0},{"ddd":0,"ind":9,"ty":2,"nm":"点赞.png","cl":"png","refId":"image_3","sr":1.5,"ks":{"o":{"a":1,"k":[{"i":{"x":[0.833],"y":[0.833]},"o":{"x":[0.167],"y":[0.167]},"t":5,"s":[0],"e":[100]},{"i":{"x":[0.833],"y":[0.833]},"o":{"x":[0.167],"y":[0.167]},"t":8,"s":[100],"e":[100]},{"i":{"x":[0.833],"y":[0.833]},"o":{"x":[0.167],"y":[0.167]},"t":17,"s":[100],"e":[0]},{"t":21.5}],"ix":11},"r":{"a":0,"k":0,"ix":10},"p":{"a":1,"k":[{"i":{"x":0.833,"y":0.833},"o":{"x":0.167,"y":0.167},"t":5,"s":[189,475,0],"e":[109,243,0],"to":[-13.333,-38.667,0],"ti":[13.333,38.667,0]},{"t":21.5}],"ix":2},"a":{"a":0,"k":[37,35.5,0],"ix":1},"s":{"a":0,"k":[50,50,100],"ix":6}},"ao":0,"ip":5,"op":36.5,"st":5,"bm":0},{"ddd":0,"ind":10,"ty":2,"nm":"钻石2.png","cl":"png","refId":"image_4","sr":1.5,"ks":{"o":{"a":1,"k":[{"i":{"x":[0.833],"y":[0.833]},"o":{"x":[0.167],"y":[0.167]},"t":8,"s":[0],"e":[100]},{"i":{"x":[0.833],"y":[0.833]},"o":{"x":[0.167],"y":[0.167]},"t":11,"s":[100],"e":[100]},{"i":{"x":[0.833],"y":[0.833]},"o":{"x":[0.167],"y":[0.167]},"t":20,"s":[100],"e":[0]},{"t":24.5}],"ix":11},"r":{"a":0,"k":0,"ix":10},"p":{"a":1,"k":[{"i":{"x":0.833,"y":0.833},"o":{"x":0.167,"y":0.167},"t":8,"s":[189,475,0],"e":[237,28,0],"to":[8,-74.5,0],"ti":[-8,74.5,0]},{"t":24.5}],"ix":2},"a":{"a":0,"k":[15,14,0],"ix":1},"s":{"a":0,"k":[100,100,100],"ix":6}},"ao":0,"ip":8,"op":35,"st":8,"bm":0}],"markers":[]}