<?xml version="1.0" encoding="utf-8"?>
<data>
    <content description="内容违规"            isTitle="true" tag="1" subTag="1" />
    <content description="色情低俗"            isTitle="false" tag="1" subTag="101" />
    <content description="政治敏感"            isTitle="false" tag="1" subTag="102" />
    <content description="违法犯罪"            isTitle="false" tag="1" subTag="103" />
    <content description="垃圾广告、制假售假"   isTitle="false" tag="1" subTag="104" />
    <content description="造谣传谣、涉嫌欺诈"   isTitle="false" tag="1" subTag="105" />
    <content description="其它"                isTitle="true" tag="4" subTag="4" />
    <content description="侮辱谩骂"            isTitle="false" tag="4" subTag="405" />
    <content description="骚扰"                isTitle="false" tag="4" subTag="406" />
</data>
