<?xml version="1.0" encoding="utf-8"?>
<data>
    <content description="内容违规"             isTitle="true"  tag="1" subTag="1" />
    <content description="色情低俗"             isTitle="false"  tag="1" subTag="101" />
    <content description="政治敏感"             isTitle="false"  tag="1" subTag="102" />
    <content description="违法犯罪"             isTitle="false"  tag="1" subTag="103" />
    <content description="垃圾广告、制假售假"    isTitle="false"  tag="1" subTag="104" />
    <content description="造谣传谣、涉嫌欺诈"    isTitle="false"  tag="1" subTag="105" />
    <content description="侮辱谩骂"             isTitle="false"  tag="1" subTag="106" />
    <content description="侵权"                 isTitle="true"  tag="2" subTag="2" />
    <content description="侵犯权益"             isTitle="false"  tag="2" subTag="50" />
    <content description="未成年"               isTitle="true"  tag="3" subTag="3" />
    <content description="未成年人不当行为"      isTitle="false"  tag="3" subTag="302" />
    <content description="内容不适合未成年观看"  isTitle="false"  tag="3" subTag="303" />
    <content description="其它"                 isTitle="true"  tag="4" subTag="4" />
    <content description="引人不适"              isTitle="false"  tag="4" subTag="401" />
    <content description="疑似自我伤害"          isTitle="false"  tag="4" subTag="402" />
    <content description="诱导点赞、分享、关注"   isTitle="false"  tag="4" subTag="403" />
    <content description="其他"                  isTitle="false"  tag="4" subTag="404" />
</data>
